id,submit,wait in,input,wait run,run,wait out,output,complete,wait,response
105.0,92.0,0.0,625.0,1132.0,2248.0,16.0,1375.0,5488.0,1148.0,5396.0
109.0,98.0,0.0,1125.0,2407.0,746.0,137.0,3125.0,7638.0,2544.0,7540.0
159.0,146.0,2250.0,250.0,3247.0,897.0,27.0,1250.0,8067.0,5524.0,7921.0
74.0,64.0,0.0,2500.0,3284.0,3784.0,0.0,1000.0,10632.0,3284.0,10568.0
73.0,62.0,0.0,2625.0,3265.0,3114.0,63.0,1875.0,11004.0,3328.0,10942.0
10.0,5.0,0.0,500.0,3100.0,4911.0,58.0,3500.0,12074.0,3158.0,12069.0
112.0,99.0,0.0,1750.0,3053.0,5987.0,674.0,750.0,12313.0,3727.0,12214.0
17.0,8.0,0.0,750.0,4452.0,5651.0,21.0,1750.0,12632.0,4473.0,12624.0
104.0,90.0,0.0,3750.0,5792.0,757.0,75.0,2250.0,12714.0,5867.0,12624.0
147.0,131.0,741.0,2250.0,3474.0,4545.0,811.0,1625.0,13577.0,5026.0,13446.0
18.0,12.0,0.0,3875.0,5915.0,1202.0,732.0,2750.0,14486.0,6647.0,14474.0
37.0,29.0,0.0,1250.0,2423.0,7859.0,513.0,2750.0,14824.0,2936.0,14795.0
107.0,96.0,0.0,2750.0,4162.0,5121.0,320.0,2375.0,14824.0,4482.0,14728.0
29.0,21.0,0.0,2375.0,3452.0,4650.0,1063.0,3875.0,15436.0,4515.0,15415.0
140.0,122.0,0.0,250.0,0.0,11894.0,418.0,4250.0,16934.0,418.0,16812.0
36.0,29.0,0.0,500.0,837.0,6139.0,4943.0,4500.0,16948.0,5780.0,16919.0
95.0,83.0,0.0,625.0,1716.0,3995.0,8239.0,4625.0,19283.0,9955.0,19200.0
31.0,24.0,0.0,1625.0,2928.0,8060.0,5746.0,3375.0,21758.0,8674.0,21734.0
146.0,131.0,577.0,1000.0,3452.0,7280.0,5809.0,5500.0,23749.0,9838.0,23618.0
2.0,2.0,0.0,2250.0,3032.0,7943.0,11822.0,125.0,25174.0,14854.0,25172.0
53.0,38.0,0.0,3875.0,6026.0,3157.0,11752.0,625.0,25473.0,17778.0,25435.0
89.0,77.0,0.0,4125.0,7081.0,1360.0,11064.0,1875.0,25582.0,18145.0,25505.0
14.0,6.0,0.0,2000.0,3204.0,7955.0,11825.0,1375.0,26365.0,15029.0,26359.0
114.0,100.0,0.0,3750.0,5862.0,3365.0,11720.0,3500.0,28297.0,17582.0,28197.0
122.0,105.0,0.0,3500.0,3744.0,5289.0,11030.0,6000.0,29668.0,14774.0,29563.0
106.0,96.0,0.0,2000.0,3558.0,7046.0,12047.0,5000.0,29747.0,15605.0,29651.0
145.0,129.0,400.0,1375.0,3379.0,7915.0,11820.0,4750.0,29768.0,15599.0,29639.0
151.0,137.0,1005.0,375.0,4021.0,8150.0,19063.0,2000.0,34751.0,24089.0,34614.0
118.0,102.0,0.0,125.0,1298.0,12810.0,18780.0,2375.0,35490.0,20078.0,35388.0
12.0,6.0,0.0,1500.0,2746.0,9952.0,18901.0,2875.0,35980.0,21647.0,35974.0
30.0,23.0,0.0,2375.0,3259.0,10158.0,20094.0,375.0,36284.0,23353.0,36261.0
32.0,25.0,0.0,1500.0,2930.0,9746.0,18666.0,4000.0,36867.0,21596.0,36842.0
98.0,85.0,0.0,2250.0,3729.0,8905.0,20867.0,1125.0,36961.0,24596.0,36876.0
56.0,40.0,0.0,125.0,1341.0,13585.0,20800.0,1125.0,37016.0,22141.0,36976.0
59.0,44.0,0.0,250.0,1355.0,14186.0,20145.0,1375.0,37355.0,21500.0,37311.0
101.0,87.0,0.0,4375.0,9429.0,2510.0,20145.0,1000.0,37546.0,29574.0,37459.0
40.0,30.0,0.0,875.0,1521.0,11912.0,18970.0,4500.0,37808.0,20491.0,37778.0
6.0,3.0,0.0,125.0,2268.0,7278.0,22803.0,5875.0,38352.0,25071.0,38349.0
141.0,122.0,0.0,750.0,1545.0,12624.0,20841.0,3250.0,39132.0,22386.0,39010.0
49.0,34.0,0.0,2625.0,3289.0,9802.0,20155.0,3625.0,39530.0,23444.0,39496.0
164.0,149.0,2666.0,125.0,3489.0,12068.0,20256.0,1000.0,39753.0,26411.0,39604.0
90.0,80.0,0.0,4375.0,9406.0,4138.0,20743.0,1375.0,40117.0,30149.0,40037.0
190.0,167.0,4346.0,875.0,11596.0,704.0,20513.0,2125.0,40326.0,36455.0,40159.0
51.0,35.0,0.0,5125.0,10478.0,1898.0,20340.0,2750.0,40626.0,30818.0,40591.0
87.0,77.0,0.0,3625.0,5882.0,8039.0,20533.0,2750.0,40906.0,26415.0,40829.0
132.0,118.0,0.0,125.0,1091.0,13575.0,20882.0,5750.0,41541.0,21973.0,41423.0
100.0,87.0,0.0,375.0,1348.0,2773.0,31923.0,5875.0,42381.0,33271.0,42294.0
58.0,42.0,0.0,2375.0,3240.0,11823.0,20370.0,4750.0,42600.0,23610.0,42558.0
57.0,41.0,0.0,1875.0,3227.0,12560.0,20680.0,4250.0,42633.0,23907.0,42592.0
176.0,159.0,3691.0,875.0,9613.0,4159.0,20295.0,4250.0,43042.0,33599.0,42883.0
116.0,101.0,0.0,375.0,3451.0,7656.0,26199.0,6125.0,43907.0,29650.0,43806.0
93.0,82.0,0.0,2125.0,12007.0,4888.0,21709.0,3125.0,43936.0,33716.0,43854.0
92.0,81.0,0.0,2375.0,3390.0,3738.0,28502.0,6125.0,44211.0,31892.0,44130.0
5.0,3.0,0.0,3250.0,3683.0,10821.0,20975.0,5750.0,44482.0,24658.0,44479.0
11.0,5.0,0.0,2875.0,3508.0,12181.0,22239.0,4625.0,45433.0,25747.0,45428.0
137.0,121.0,637.0,1500.0,3130.0,14488.0,25506.0,625.0,46007.0,29273.0,45886.0
71.0,60.0,0.0,1750.0,3022.0,14734.0,25729.0,875.0,46170.0,28751.0,46110.0
113.0,99.0,0.0,4625.0,9611.0,5491.0,25499.0,2375.0,47700.0,35110.0,47601.0
117.0,101.0,0.0,375.0,3828.0,15817.0,25848.0,4500.0,50469.0,29676.0,50368.0
67.0,55.0,0.0,875.0,1526.0,13530.0,28170.0,6375.0,50531.0,29696.0,50476.0
47.0,33.0,0.0,3250.0,4040.0,12134.0,25770.0,5750.0,50977.0,29810.0,50944.0
172.0,157.0,3126.0,1500.0,9623.0,5525.0,25758.0,5875.0,51564.0,38507.0,51407.0
142.0,124.0,352.0,1375.0,3150.0,15402.0,37148.0,2250.0,59801.0,40650.0,59677.0
115.0,101.0,0.0,5000.0,9868.0,5364.0,37197.0,7375.0,64905.0,47065.0,64804.0
125.0,109.0,0.0,1000.0,3474.0,16197.0,44390.0,375.0,65545.0,47864.0,65436.0
167.0,149.0,2731.0,750.0,6309.0,13196.0,42691.0,375.0,66201.0,51731.0,66052.0
162.0,147.0,2512.0,2625.0,11483.0,4759.0,43694.0,1000.0,66220.0,57689.0,66073.0
186.0,167.0,4085.0,1250.0,12121.0,5759.0,42838.0,3000.0,69220.0,59044.0,69053.0
128.0,115.0,0.0,1750.0,3236.0,20522.0,43892.0,125.0,69640.0,47128.0,69525.0
177.0,160.0,3719.0,1875.0,17379.0,2006.0,44234.0,875.0,70248.0,65332.0,70088.0
1.0,1.0,0.0,5000.0,10582.0,13435.0,40807.0,500.0,70325.0,51389.0,70324.0
33.0,27.0,0.0,4875.0,9584.0,9830.0,44342.0,1750.0,70408.0,53926.0,70381.0
55.0,39.0,0.0,3000.0,3453.0,13942.0,44734.0,5500.0,70668.0,48187.0,70629.0
165.0,149.0,2683.0,2000.0,9633.0,9203.0,42591.0,4500.0,70759.0,54907.0,70610.0
160.0,146.0,2252.0,1750.0,7130.0,22741.0,36708.0,125.0,70852.0,46090.0,70706.0
102.0,89.0,0.0,4375.0,9555.0,6403.0,44531.0,6125.0,71078.0,54086.0,70989.0
46.0,33.0,0.0,750.0,4862.0,16661.0,43279.0,5500.0,71085.0,48141.0,71052.0
45.0,33.0,0.0,5250.0,11355.0,13421.0,40033.0,1125.0,71217.0,51388.0,71184.0
62.0,51.0,0.0,2375.0,3378.0,16436.0,43261.0,5750.0,71251.0,46639.0,71200.0
41.0,31.0,0.0,5750.0,17393.0,15537.0,32506.0,125.0,71342.0,49899.0,71311.0
48.0,33.0,0.0,3250.0,6199.0,14550.0,44501.0,2875.0,71408.0,50700.0,71375.0
35.0,28.0,0.0,6000.0,22116.0,7761.0,35053.0,750.0,71708.0,57169.0,71680.0
63.0,52.0,0.0,3875.0,6146.0,15564.0,43908.0,2250.0,71795.0,50054.0,71743.0
68.0,56.0,0.0,375.0,4293.0,15692.0,44489.0,7250.0,72155.0,48782.0,72099.0
166.0,149.0,2697.0,1125.0,12430.0,13831.0,39930.0,2125.0,72287.0,55057.0,72138.0
88.0,77.0,0.0,4500.0,10082.0,9048.0,44529.0,4375.0,72611.0,54611.0,72534.0
154.0,143.0,1953.0,3750.0,18015.0,6962.0,39293.0,2500.0,72616.0,59261.0,72473.0
80.0,70.0,0.0,7000.0,44494.0,1384.0,19207.0,625.0,72780.0,63701.0,72710.0
65.0,54.0,0.0,4250.0,9286.0,16166.0,40309.0,2875.0,72940.0,49595.0,72886.0
168.0,151.0,2888.0,2375.0,11572.0,5534.0,43292.0,7250.0,73062.0,57752.0,72911.0
19.0,13.0,0.0,4500.0,9688.0,38985.0,19101.0,875.0,73162.0,28789.0,73149.0
77.0,65.0,0.0,2250.0,3173.0,32362.0,33329.0,2000.0,73179.0,36502.0,73114.0
28.0,21.0,0.0,6250.0,40260.0,8263.0,17822.0,750.0,73366.0,58082.0,73345.0
170.0,152.0,2981.0,3875.0,44440.0,4134.0,17481.0,375.0,73438.0,64902.0,73286.0
180.0,163.0,3764.0,3000.0,44284.0,1883.0,19152.0,1375.0,73621.0,67200.0,73458.0
217.0,196.0,5933.0,375.0,43069.0,5133.0,17905.0,1125.0,73736.0,66907.0,73540.0
66.0,54.0,0.0,5750.0,17550.0,12555.0,35169.0,2750.0,73828.0,52719.0,73774.0
9.0,4.0,0.0,6125.0,24903.0,815.0,38315.0,3750.0,73912.0,63218.0,73908.0
97.0,85.0,0.0,5125.0,15123.0,5909.0,43303.0,5000.0,74545.0,58426.0,74460.0
111.0,99.0,0.0,7250.0,44974.0,2883.0,17734.0,1750.0,74690.0,62708.0,74591.0
76.0,65.0,0.0,2750.0,3137.0,29007.0,35889.0,3875.0,74723.0,39026.0,74658.0
86.0,76.0,0.0,500.0,21982.0,6371.0,40834.0,5125.0,74888.0,62816.0,74812.0
108.0,98.0,0.0,5750.0,21193.0,6375.0,36752.0,4875.0,75043.0,57945.0,74945.0
175.0,158.0,3682.0,3250.0,44527.0,3522.0,17718.0,2250.0,75107.0,65927.0,74949.0
129.0,116.0,0.0,1250.0,2862.0,22124.0,43740.0,5125.0,75217.0,46602.0,75101.0
158.0,146.0,2189.0,3750.0,24776.0,6675.0,33580.0,4125.0,75241.0,60545.0,75095.0
184.0,167.0,4035.0,1750.0,22185.0,5757.0,36774.0,4625.0,75293.0,62994.0,75126.0
189.0,167.0,4297.0,2625.0,44827.0,3270.0,17674.0,2500.0,75360.0,66798.0,75193.0
52.0,37.0,0.0,4250.0,7665.0,38988.0,21174.0,3250.0,75364.0,28839.0,75327.0
70.0,59.0,0.0,5375.0,11854.0,17008.0,36501.0,4625.0,75422.0,48355.0,75363.0
156.0,145.0,2542.0,4875.0,44997.0,4393.0,17625.0,1000.0,75577.0,65164.0,75432.0
3.0,2.0,0.0,4250.0,7677.0,13061.0,44230.0,6375.0,75595.0,51907.0,75593.0
174.0,157.0,3667.0,4750.0,45137.0,2336.0,18398.0,1250.0,75695.0,67202.0,75538.0
15.0,7.0,0.0,6250.0,40261.0,9941.0,18086.0,1250.0,75795.0,58347.0,75788.0
242.0,223.0,7009.0,5250.0,44800.0,1257.0,17038.0,375.0,75952.0,68847.0,75729.0
238.0,221.0,6423.0,1375.0,45167.0,4722.0,17199.0,875.0,75982.0,68789.0,75761.0
110.0,98.0,0.0,5250.0,11600.0,8401.0,44151.0,6500.0,76000.0,55751.0,75902.0
182.0,164.0,3949.0,1375.0,11992.0,1635.0,50400.0,6500.0,76015.0,66341.0,75851.0
119.0,103.0,0.0,4125.0,7302.0,13057.0,44443.0,7125.0,76155.0,51745.0,76052.0
256.0,241.0,6900.0,5500.0,44866.0,702.0,17084.0,875.0,76168.0,68850.0,75927.0
228.0,213.0,6206.0,3000.0,44867.0,2276.0,17983.0,1625.0,76170.0,69056.0,75957.0
16.0,8.0,0.0,7375.0,45923.0,2460.0,17545.0,2875.0,76186.0,63468.0,76178.0
187.0,167.0,4120.0,4375.0,45049.0,647.0,18124.0,3875.0,76357.0,67293.0,76190.0
225.0,207.0,6170.0,625.0,44501.0,6856.0,17016.0,1000.0,76375.0,67687.0,76168.0
124.0,109.0,0.0,5375.0,11961.0,16675.0,36639.0,5750.0,76509.0,48600.0,76400.0
254.0,236.0,6854.0,2625.0,45036.0,2800.0,17492.0,1500.0,76543.0,69382.0,76307.0
207.0,184.0,5664.0,1500.0,44694.0,4156.0,18248.0,2125.0,76571.0,68606.0,76387.0
205.0,181.0,5623.0,625.0,42255.0,1630.0,21764.0,4500.0,76578.0,69642.0,76397.0
69.0,58.0,0.0,6000.0,22133.0,14286.0,29231.0,5000.0,76708.0,51364.0,76650.0
240.0,222.0,6381.0,2125.0,45018.0,1302.0,17794.0,3875.0,76717.0,69193.0,76495.0
195.0,171.0,5039.0,125.0,11599.0,10409.0,42320.0,7125.0,76788.0,58958.0,76617.0
183.0,167.0,3981.0,2875.0,44426.0,4523.0,18368.0,2500.0,76840.0,66775.0,76673.0
127.0,113.0,0.0,4000.0,7150.0,21673.0,37791.0,6125.0,76852.0,44941.0,76739.0
120.0,104.0,0.0,6000.0,24914.0,14307.0,26432.0,5125.0,76882.0,51346.0,76778.0
94.0,83.0,0.0,6000.0,22276.0,7311.0,35225.0,6000.0,76895.0,57501.0,76812.0
275.0,255.0,7383.0,125.0,44796.0,467.0,19164.0,4750.0,76940.0,71343.0,76685.0
234.0,218.0,6286.0,2625.0,44756.0,6336.0,16719.0,125.0,77065.0,67761.0,76847.0
299.0,284.0,9039.0,250.0,45013.0,4519.0,17547.0,500.0,77152.0,71599.0,76868.0
82.0,73.0,0.0,5875.0,21681.0,11767.0,32183.0,5625.0,77204.0,53864.0,77131.0
213.0,191.0,5873.0,3875.0,44855.0,2488.0,17408.0,2625.0,77315.0,68136.0,77124.0
78.0,67.0,0.0,6750.0,44394.0,4071.0,17780.0,4625.0,77687.0,62174.0,77620.0
260.0,245.0,7078.0,3500.0,45445.0,4280.0,16767.0,375.0,77690.0,69290.0,77445.0
24.0,18.0,0.0,5875.0,21364.0,9889.0,33939.0,6625.0,77710.0,55303.0,77692.0
314.0,294.0,10690.0,1000.0,44578.0,3243.0,17035.0,1000.0,77840.0,72303.0,77546.0
222.0,201.0,6082.0,5000.0,44527.0,4028.0,17014.0,1000.0,77852.0,67623.0,77651.0
83.0,73.0,0.0,7375.0,44750.0,8130.0,16737.0,1125.0,78190.0,61487.0,78117.0
179.0,163.0,3750.0,4375.0,45396.0,4664.0,17016.0,2875.0,78239.0,66162.0,78076.0
72.0,61.0,0.0,6875.0,44322.0,5029.0,18217.0,3750.0,78254.0,62539.0,78193.0
84.0,73.0,0.0,7250.0,44597.0,6814.0,17753.0,1875.0,78362.0,62350.0,78289.0
43.0,32.0,0.0,5625.0,17222.0,15913.0,32459.0,7125.0,78376.0,49681.0,78344.0
192.0,168.0,4933.0,1750.0,44292.0,7848.0,17552.0,1875.0,78418.0,66777.0,78250.0
81.0,72.0,0.0,6375.0,42405.0,12393.0,16443.0,750.0,78438.0,58848.0,78366.0
60.0,47.0,0.0,5625.0,17444.0,15085.0,33000.0,7250.0,78451.0,50444.0,78404.0
258.0,244.0,6997.0,750.0,45595.0,6270.0,16996.0,1625.0,78477.0,69588.0,78233.0
85.0,74.0,0.0,3750.0,5805.0,46063.0,17487.0,5500.0,78679.0,23292.0,78605.0
202.0,178.0,5494.0,6750.0,44722.0,3908.0,16588.0,1125.0,78765.0,66804.0,78587.0
255.0,239.0,6893.0,2500.0,45108.0,2950.0,17369.0,3750.0,78809.0,69370.0,78570.0
216.0,194.0,5910.0,125.0,24893.0,2994.0,37998.0,6750.0,78864.0,68801.0,78670.0
218.0,196.0,5933.0,6500.0,44709.0,4255.0,16543.0,750.0,78886.0,67185.0,78690.0
271.0,251.0,7235.0,4250.0,46263.0,3084.0,16604.0,1250.0,78937.0,70102.0,78686.0
276.0,258.0,7494.0,2250.0,45127.0,5112.0,16963.0,2125.0,79329.0,69584.0,79071.0
91.0,80.0,0.0,6750.0,45300.0,6032.0,17079.0,4250.0,79491.0,62379.0,79411.0
206.0,183.0,5663.0,750.0,44381.0,7866.0,17666.0,3000.0,79509.0,67710.0,79326.0
21.0,16.0,0.0,7125.0,44901.0,7401.0,17345.0,2750.0,79538.0,62246.0,79522.0
269.0,251.0,7197.0,5000.0,44834.0,1271.0,17042.0,4000.0,79595.0,69073.0,79344.0
121.0,105.0,0.0,7250.0,44773.0,2800.0,17910.0,7125.0,79963.0,62683.0,79858.0
209.0,187.0,5761.0,1125.0,44491.0,4246.0,18224.0,6000.0,80034.0,68476.0,79847.0
103.0,90.0,0.0,6500.0,47642.0,7371.0,16636.0,1875.0,80114.0,64278.0,80024.0
274.0,254.0,7308.0,5625.0,47896.0,1209.0,17353.0,625.0,80270.0,72557.0,80016.0
230.0,214.0,6233.0,125.0,43960.0,6492.0,17553.0,5750.0,80327.0,67746.0,80113.0
194.0,169.0,4991.0,1750.0,44348.0,8489.0,17093.0,3625.0,80465.0,66432.0,80296.0
79.0,69.0,0.0,7375.0,44754.0,513.0,21793.0,6125.0,80629.0,66547.0,80560.0
235.0,220.0,6310.0,1000.0,44766.0,7644.0,16942.0,4125.0,81007.0,68018.0,80787.0
196.0,171.0,5112.0,1000.0,40254.0,10675.0,17831.0,6000.0,81043.0,63197.0,80872.0
324.0,302.0,11259.0,125.0,44601.0,2001.0,17072.0,5750.0,81110.0,72932.0,80808.0
131.0,117.0,0.0,6375.0,42469.0,13550.0,18409.0,250.0,81170.0,60878.0,81053.0
268.0,250.0,7194.0,500.0,48028.0,5763.0,16627.0,2875.0,81237.0,71849.0,80987.0
241.0,223.0,6421.0,1375.0,46567.0,7000.0,16349.0,3375.0,81310.0,69337.0,81087.0
185.0,167.0,4061.0,2375.0,44470.0,7495.0,17103.0,5750.0,81421.0,65634.0,81254.0
7.0,3.0,0.0,1125.0,1436.0,8022.0,64473.0,6375.0,81434.0,65909.0,81431.0
161.0,147.0,2733.0,5375.0,45321.0,7091.0,16771.0,4125.0,81563.0,64825.0,81416.0
8.0,4.0,0.0,3875.0,5836.0,7858.0,57568.0,6500.0,81641.0,63404.0,81637.0
39.0,30.0,0.0,6500.0,43057.0,13124.0,18253.0,750.0,81714.0,61310.0,81684.0
99.0,87.0,0.0,6875.0,44409.0,5967.0,17675.0,6750.0,81763.0,62084.0,81676.0
334.0,313.0,12046.0,125.0,44854.0,1265.0,17552.0,5625.0,81780.0,74452.0,81467.0
214.0,192.0,5891.0,2625.0,45003.0,5646.0,17360.0,5125.0,81842.0,68254.0,81650.0
318.0,297.0,10956.0,3625.0,46715.0,1490.0,18087.0,750.0,81920.0,75758.0,81623.0
265.0,250.0,7128.0,5000.0,44834.0,4991.0,16606.0,3125.0,81934.0,68568.0,81684.0
219.0,198.0,6058.0,750.0,44442.0,7031.0,16943.0,6625.0,82047.0,67443.0,81849.0
178.0,162.0,4300.0,5250.0,45028.0,3259.0,17218.0,7125.0,82342.0,66546.0,82180.0
312.0,292.0,10590.0,2625.0,45683.0,1141.0,16873.0,5250.0,82454.0,73146.0,82162.0
331.0,309.0,11957.0,1125.0,45212.0,4107.0,18254.0,1500.0,82464.0,75423.0,82155.0
64.0,54.0,0.0,6375.0,42200.0,16956.0,16757.0,125.0,82467.0,58957.0,82413.0
208.0,185.0,5708.0,1875.0,44839.0,6042.0,17824.0,6125.0,82598.0,68371.0,82413.0
330.0,308.0,11821.0,1250.0,45189.0,6757.0,16877.0,500.0,82702.0,73887.0,82394.0
364.0,330.0,12766.0,500.0,45509.0,5873.0,17054.0,750.0,82782.0,75329.0,82452.0
357.0,326.0,12570.0,500.0,45447.0,2801.0,16610.0,4625.0,82879.0,74627.0,82553.0
150.0,136.0,992.0,2125.0,51953.0,9747.0,17004.0,1000.0,82957.0,69949.0,82821.0
149.0,134.0,796.0,1750.0,3268.0,1815.0,68889.0,6375.0,83027.0,72953.0,82893.0
211.0,188.0,5840.0,2250.0,45130.0,5782.0,17598.0,6250.0,83038.0,68568.0,82850.0
42.0,31.0,0.0,6500.0,43451.0,16277.0,16758.0,125.0,83142.0,60209.0,83111.0
173.0,157.0,7226.0,6125.0,45335.0,5800.0,17270.0,1250.0,83163.0,69831.0,83006.0
280.0,265.0,7679.0,4750.0,44857.0,1504.0,17523.0,6625.0,83203.0,70059.0,82938.0
226.0,209.0,6179.0,5250.0,45299.0,7160.0,17741.0,1625.0,83463.0,69219.0,83254.0
221.0,198.0,6059.0,875.0,45066.0,6665.0,17989.0,6750.0,83602.0,69114.0,83404.0
261.0,245.0,7078.0,2250.0,45919.0,6411.0,16574.0,5125.0,83602.0,69571.0,83357.0
319.0,297.0,10966.0,1875.0,45024.0,1876.0,16902.0,6750.0,83690.0,72892.0,83393.0
210.0,187.0,5765.0,2250.0,45032.0,7395.0,17654.0,5500.0,83783.0,68451.0,83596.0
75.0,64.0,0.0,6000.0,22233.0,35413.0,17711.0,2375.0,83796.0,39944.0,83732.0
22.0,17.0,0.0,5000.0,9677.0,43232.0,18561.0,7375.0,83862.0,28238.0,83845.0
204.0,180.0,5601.0,5750.0,44667.0,6028.0,17103.0,4625.0,83954.0,67371.0,83774.0
27.0,20.0,0.0,5625.0,41613.0,12850.0,16787.0,7125.0,84020.0,58400.0,84000.0
133.0,119.0,3164.0,5125.0,45276.0,11921.0,16849.0,1625.0,84079.0,65289.0,83960.0
144.0,126.0,3127.0,4750.0,45303.0,8661.0,16676.0,5500.0,84143.0,65106.0,84017.0
397.0,362.0,14679.0,1000.0,46751.0,3911.0,16400.0,1125.0,84228.0,77830.0,83866.0
377.0,342.0,13235.0,3125.0,47032.0,3372.0,16677.0,500.0,84283.0,76944.0,83941.0
371.0,335.0,12973.0,3875.0,47987.0,1263.0,16605.0,1250.0,84288.0,77565.0,83953.0
227.0,212.0,6197.0,3000.0,46859.0,8900.0,17007.0,2125.0,84300.0,70063.0,84088.0
270.0,251.0,7197.0,2625.0,46879.0,7381.0,17537.0,2500.0,84370.0,71613.0,84119.0
264.0,248.0,7107.0,7000.0,47289.0,6045.0,16331.0,375.0,84395.0,70727.0,84147.0
273.0,253.0,7766.0,4375.0,45275.0,3721.0,16420.0,6625.0,84435.0,69461.0,84182.0
350.0,325.0,12389.0,1500.0,46027.0,2500.0,18569.0,3250.0,84560.0,76985.0,84235.0
23.0,17.0,0.0,1125.0,49365.0,13543.0,17779.0,2750.0,84579.0,67144.0,84562.0
25.0,18.0,0.0,5125.0,44768.0,12881.0,18215.0,3625.0,84632.0,62983.0,84614.0
320.0,299.0,10979.0,1000.0,44746.0,5883.0,18136.0,3625.0,84668.0,73861.0,84369.0
232.0,218.0,6274.0,1750.0,47568.0,8093.0,17877.0,3000.0,84780.0,71719.0,84562.0
413.0,380.0,16021.0,125.0,47184.0,3892.0,16381.0,875.0,84858.0,79586.0,84478.0
96.0,84.0,0.0,1250.0,53502.0,7650.0,18407.0,4000.0,84893.0,71909.0,84809.0
321.0,301.0,10982.0,3375.0,46732.0,4518.0,16989.0,2000.0,84897.0,74703.0,84596.0
315.0,294.0,10710.0,5375.0,46704.0,2006.0,16958.0,2875.0,84922.0,74372.0,84628.0
313.0,294.0,10595.0,3375.0,46284.0,4622.0,17005.0,2750.0,84925.0,73884.0,84631.0
236.0,221.0,6310.0,2750.0,50960.0,2966.0,18030.0,3875.0,85112.0,75300.0,84891.0
326.0,303.0,11335.0,5000.0,47072.0,2116.0,17053.0,2250.0,85129.0,75460.0,84826.0
353.0,326.0,12491.0,375.0,45096.0,5512.0,17963.0,3375.0,85138.0,75550.0,84812.0
233.0,218.0,6312.0,5000.0,48410.0,6350.0,16737.0,2125.0,85152.0,71459.0,84934.0
279.0,262.0,7526.0,2875.0,51659.0,6843.0,15757.0,250.0,85172.0,74942.0,84910.0
356.0,326.0,12570.0,5500.0,48677.0,1125.0,16367.0,750.0,85315.0,77614.0,84989.0
223.0,203.0,6068.0,6625.0,45266.0,7650.0,17015.0,2500.0,85327.0,68349.0,85124.0
309.0,292.0,10349.0,3250.0,45965.0,6889.0,16397.0,2250.0,85392.0,72711.0,85100.0
374.0,339.0,13168.0,2625.0,46660.0,5866.0,16010.0,750.0,85418.0,75838.0,85079.0
188.0,167.0,4850.0,6125.0,44544.0,6290.0,16703.0,6875.0,85554.0,66097.0,85387.0
325.0,302.0,11281.0,3250.0,48074.0,3274.0,16776.0,2625.0,85582.0,76131.0,85280.0
286.0,273.0,8005.0,3000.0,44488.0,12104.0,16358.0,1375.0,85603.0,68851.0,85330.0
193.0,168.0,4975.0,3625.0,45117.0,11257.0,17117.0,3375.0,85634.0,67209.0,85466.0
304.0,287.0,10177.0,2500.0,45044.0,10707.0,16066.0,875.0,85656.0,71287.0,85369.0
316.0,296.0,10711.0,3875.0,47085.0,5882.0,16294.0,1625.0,85768.0,74090.0,85472.0
327.0,304.0,11382.0,4375.0,47146.0,3866.0,16696.0,2000.0,85769.0,75224.0,85465.0
332.0,313.0,11965.0,1375.0,47592.0,6991.0,16343.0,1250.0,85829.0,75900.0,85516.0
153.0,139.0,1867.0,4250.0,49084.0,8854.0,17648.0,4000.0,85842.0,68599.0,85703.0
50.0,34.0,0.0,6375.0,41112.0,14190.0,17884.0,6250.0,85845.0,58996.0,85811.0
171.0,154.0,9520.0,6125.0,47235.0,4021.0,16635.0,2250.0,85940.0,73390.0,85786.0
277.0,258.0,7505.0,3500.0,48958.0,6331.0,16486.0,3000.0,86038.0,72949.0,85780.0
372.0,337.0,13253.0,3750.0,47802.0,4621.0,15840.0,500.0,86103.0,76895.0,85766.0
296.0,283.0,8701.0,2000.0,44598.0,13490.0,15825.0,1375.0,86272.0,69124.0,85989.0
134.0,120.0,3759.0,5750.0,45077.0,16142.0,15092.0,500.0,86440.0,63928.0,86320.0
220.0,198.0,6059.0,4750.0,44679.0,6636.0,18555.0,5625.0,86502.0,69293.0,86304.0
263.0,246.0,7103.0,4750.0,45045.0,7629.0,17154.0,4625.0,86552.0,69302.0,86306.0
212.0,190.0,5868.0,7250.0,45051.0,9407.0,16313.0,2500.0,86579.0,67232.0,86389.0
285.0,271.0,7984.0,5000.0,45284.0,11526.0,15569.0,1000.0,86634.0,68837.0,86363.0
347.0,325.0,12359.0,6625.0,49363.0,2125.0,15048.0,875.0,86720.0,76770.0,86395.0
341.0,318.0,12164.0,4250.0,46990.0,4123.0,16272.0,2625.0,86742.0,75426.0,86424.0
215.0,193.0,5892.0,5250.0,45602.0,6499.0,18344.0,5000.0,86780.0,69838.0,86587.0
375.0,340.0,13168.0,4500.0,47900.0,2511.0,16213.0,2250.0,86882.0,77281.0,86542.0
396.0,360.0,14624.0,2000.0,47789.0,5395.0,15601.0,1125.0,86894.0,78014.0,86534.0
38.0,29.0,0.0,2000.0,44433.0,24717.0,15323.0,500.0,87002.0,59756.0,86973.0
262.0,245.0,7138.0,5375.0,44932.0,2224.0,21006.0,6375.0,87295.0,73076.0,87050.0
359.0,327.0,12618.0,3750.0,47015.0,6382.0,15564.0,1750.0,87406.0,75197.0,87079.0
281.0,267.0,7736.0,3250.0,44439.0,13779.0,15658.0,2375.0,87504.0,67833.0,87237.0
201.0,178.0,5360.0,2250.0,44966.0,13635.0,16638.0,4625.0,87652.0,66964.0,87474.0
348.0,325.0,12369.0,2000.0,46899.0,3232.0,17109.0,5750.0,87684.0,76377.0,87359.0
248.0,230.0,6706.0,4750.0,44601.0,13538.0,15779.0,2125.0,87729.0,67086.0,87499.0
360.0,327.0,12711.0,4250.0,48971.0,748.0,16762.0,4000.0,87769.0,78444.0,87442.0
143.0,126.0,2126.0,4125.0,40732.0,16601.0,17853.0,6250.0,87813.0,60711.0,87687.0
197.0,173.0,5175.0,4875.0,44916.0,15193.0,15497.0,2000.0,87829.0,65588.0,87656.0
130.0,116.0,0.0,7125.0,44679.0,11814.0,18015.0,6250.0,87999.0,62694.0,87883.0
333.0,313.0,12000.0,375.0,45156.0,5878.0,17919.0,6375.0,88016.0,75075.0,87703.0
224.0,206.0,6241.0,6625.0,44936.0,5026.0,18076.0,7000.0,88110.0,69253.0,87904.0
346.0,325.0,12316.0,5375.0,48165.0,3253.0,15678.0,3125.0,88237.0,76159.0,87912.0
282.0,268.0,7751.0,375.0,45192.0,12109.0,16941.0,5750.0,88386.0,69884.0,88118.0
337.0,317.0,12077.0,4750.0,47499.0,5603.0,15560.0,2625.0,88431.0,75136.0,88114.0
284.0,270.0,7932.0,3750.0,44507.0,11378.0,16226.0,4375.0,88438.0,68665.0,88168.0
322.0,302.0,11033.0,6000.0,48155.0,6624.0,15615.0,875.0,88604.0,74803.0,88302.0
349.0,325.0,12375.0,5500.0,48450.0,5372.0,15384.0,1250.0,88656.0,76209.0,88331.0
181.0,164.0,3933.0,3375.0,45160.0,5233.0,24182.0,6625.0,88672.0,73275.0,88508.0
26.0,19.0,0.0,2625.0,3249.0,11171.0,64983.0,6625.0,88672.0,68232.0,88653.0
460.0,431.0,18340.0,625.0,49579.0,4694.0,14717.0,375.0,88761.0,82636.0,88330.0
54.0,38.0,0.0,5500.0,45556.0,17936.0,15863.0,3875.0,88768.0,61419.0,88730.0
335.0,314.0,12474.0,5000.0,49285.0,6240.0,15073.0,500.0,88886.0,76832.0,88572.0
252.0,234.0,6839.0,2250.0,44909.0,12658.0,16313.0,5875.0,89078.0,68061.0,88844.0
303.0,287.0,10123.0,3250.0,45783.0,8489.0,16438.0,4750.0,89120.0,72344.0,88833.0
361.0,327.0,12871.0,4875.0,48672.0,6037.0,15234.0,1125.0,89141.0,76777.0,88814.0
338.0,317.0,12105.0,6125.0,48659.0,635.0,16302.0,5000.0,89143.0,77066.0,88826.0
200.0,177.0,5311.0,2375.0,44769.0,11412.0,18003.0,7125.0,89172.0,68083.0,88995.0
373.0,338.0,13123.0,5125.0,49264.0,4632.0,15517.0,1250.0,89249.0,77904.0,88911.0
229.0,213.0,6216.0,5500.0,44512.0,10900.0,16613.0,5375.0,89329.0,67341.0,89116.0
288.0,275.0,8119.0,625.0,44958.0,17139.0,15324.0,3000.0,89440.0,68401.0,89165.0
292.0,278.0,8296.0,3875.0,45459.0,15403.0,15031.0,1375.0,89717.0,68786.0,89439.0
480.0,446.0,19120.0,1250.0,51966.0,1252.0,14727.0,1000.0,89761.0,85813.0,89315.0
199.0,176.0,5308.0,3500.0,44762.0,14104.0,16710.0,5250.0,89810.0,66780.0,89634.0
287.0,274.0,8014.0,4500.0,45077.0,7636.0,17516.0,6875.0,89892.0,70607.0,89618.0
311.0,292.0,10569.0,6875.0,48090.0,2126.0,16483.0,5625.0,90060.0,75142.0,89768.0
328.0,306.0,11430.0,3125.0,46742.0,7372.0,15883.0,5250.0,90108.0,74055.0,89802.0
136.0,121.0,2523.0,4000.0,45048.0,17823.0,15877.0,4750.0,90142.0,63448.0,90021.0
367.0,332.0,12833.0,750.0,46714.0,6516.0,16875.0,6125.0,90145.0,76422.0,89813.0
306.0,288.0,10243.0,3875.0,45925.0,8353.0,16096.0,5375.0,90155.0,72264.0,89867.0
391.0,352.0,14481.0,750.0,46620.0,6469.0,16049.0,5500.0,90221.0,77150.0,89869.0
379.0,344.0,13246.0,875.0,46202.0,5983.0,16453.0,7125.0,90228.0,75901.0,89884.0
382.0,345.0,13315.0,4125.0,47716.0,10210.0,14597.0,125.0,90433.0,75628.0,90088.0
295.0,282.0,8486.0,4875.0,45714.0,16018.0,14853.0,250.0,90478.0,69053.0,90196.0
198.0,174.0,5260.0,7250.0,44823.0,13388.0,15607.0,4000.0,90502.0,65690.0,90328.0
253.0,234.0,6855.0,3375.0,44704.0,11778.0,16656.0,7000.0,90602.0,68215.0,90368.0
336.0,315.0,12063.0,2250.0,48083.0,3996.0,16895.0,7000.0,90602.0,77041.0,90287.0
44.0,33.0,0.0,750.0,50403.0,18359.0,16009.0,5125.0,90679.0,66412.0,90646.0
352.0,326.0,12462.0,250.0,44965.0,7487.0,19089.0,6125.0,90704.0,76516.0,90378.0
378.0,343.0,13244.0,4875.0,48644.0,2267.0,15779.0,5750.0,90902.0,77667.0,90559.0
61.0,49.0,0.0,2375.0,49426.0,17813.0,15919.0,5375.0,90957.0,65345.0,90908.0
123.0,107.0,0.0,7125.0,44500.0,15474.0,16656.0,7125.0,90987.0,61156.0,90880.0
305.0,288.0,10210.0,4125.0,46044.0,11057.0,15571.0,3750.0,91045.0,71825.0,90757.0
283.0,269.0,8139.0,5375.0,46018.0,16672.0,14206.0,375.0,91054.0,68363.0,90785.0
376.0,341.0,13191.0,1750.0,48154.0,9007.0,15386.0,3375.0,91204.0,76731.0,90863.0
259.0,244.0,6997.0,3500.0,44841.0,22106.0,13357.0,250.0,91295.0,65195.0,91051.0
329.0,307.0,12052.0,6875.0,49002.0,6268.0,15556.0,1250.0,91310.0,76610.0,91003.0
495.0,457.0,19522.0,750.0,51714.0,2745.0,15033.0,1125.0,91346.0,86269.0,90889.0
354.0,326.0,12491.0,6000.0,48949.0,7247.0,15132.0,1250.0,91395.0,76572.0,91069.0
308.0,291.0,10295.0,2875.0,45273.0,14329.0,15174.0,3250.0,91487.0,70742.0,91196.0
355.0,326.0,12568.0,1125.0,46089.0,7867.0,16947.0,6625.0,91547.0,75604.0,91221.0
368.0,334.0,12853.0,5125.0,48433.0,3371.0,15726.0,5750.0,91592.0,77012.0,91258.0
395.0,358.0,14611.0,4375.0,49821.0,6773.0,14393.0,1375.0,91706.0,78825.0,91348.0
398.0,365.0,14917.0,4125.0,50839.0,7192.0,13519.0,750.0,91707.0,79275.0,91342.0
323.0,302.0,11229.0,7000.0,48675.0,4492.0,15528.0,4500.0,91726.0,75432.0,91424.0
251.0,231.0,6839.0,5875.0,44963.0,13275.0,15369.0,5500.0,92052.0,67171.0,91821.0
363.0,329.0,12748.0,5375.0,49393.0,5012.0,15253.0,4000.0,92110.0,77394.0,91781.0
385.0,345.0,13516.0,2500.0,47972.0,6697.0,15255.0,5875.0,92160.0,76743.0,91815.0
362.0,329.0,12743.0,3000.0,48906.0,7882.0,15365.0,4125.0,92350.0,77014.0,92021.0
504.0,466.0,19956.0,2000.0,53764.0,1350.0,13451.0,1375.0,92362.0,87171.0,91896.0
425.0,390.0,16898.0,1625.0,48937.0,10286.0,13009.0,1250.0,92395.0,78844.0,92005.0
358.0,327.0,12618.0,4500.0,49107.0,11258.0,13235.0,1375.0,92420.0,74960.0,92093.0
152.0,137.0,1767.0,3750.0,17171.0,46571.0,15657.0,7375.0,92428.0,34595.0,92291.0
307.0,291.0,10272.0,1000.0,44669.0,13268.0,16134.0,6875.0,92509.0,71075.0,92218.0
388.0,350.0,14056.0,1250.0,46247.0,14095.0,14435.0,2125.0,92558.0,74738.0,92208.0
449.0,418.0,17978.0,375.0,48831.0,5240.0,15383.0,4375.0,92600.0,82192.0,92182.0
492.0,456.0,19475.0,125.0,51983.0,4852.0,14011.0,1750.0,92652.0,85469.0,92196.0
491.0,455.0,19453.0,1875.0,53888.0,3750.0,12305.0,1000.0,92726.0,85646.0,92271.0
408.0,378.0,15812.0,2125.0,49026.0,7718.0,15096.0,2625.0,92780.0,79934.0,92402.0
317.0,296.0,10846.0,5625.0,47136.0,6259.0,15606.0,7125.0,92893.0,73588.0,92597.0
340.0,318.0,12130.0,4625.0,47024.0,6861.0,15080.0,6875.0,92913.0,74234.0,92595.0
459.0,430.0,18294.0,3625.0,53666.0,3331.0,12361.0,1250.0,92957.0,84321.0,92527.0
402.0,367.0,15448.0,3375.0,51840.0,3310.0,14780.0,3875.0,92995.0,82068.0,92628.0
289.0,277.0,8131.0,625.0,44779.0,16915.0,15213.0,7125.0,93065.0,68123.0,92788.0
393.0,356.0,14522.0,5875.0,52107.0,6785.0,12515.0,1000.0,93160.0,79144.0,92804.0
409.0,378.0,15877.0,1875.0,48573.0,5054.0,15612.0,5875.0,93244.0,80062.0,92866.0
294.0,281.0,8427.0,1500.0,44772.0,17266.0,15567.0,5500.0,93313.0,68766.0,93032.0
411.0,380.0,15981.0,1125.0,59952.0,1487.0,12781.0,1625.0,93331.0,88714.0,92951.0
344.0,325.0,12307.0,4625.0,47832.0,8701.0,14602.0,5000.0,93392.0,74741.0,93067.0
461.0,432.0,18385.0,1750.0,51623.0,5743.0,13212.0,2250.0,93395.0,83220.0,92963.0
339.0,317.0,12123.0,3750.0,48004.0,7385.0,15470.0,6375.0,93424.0,75597.0,93107.0
345.0,325.0,12313.0,3000.0,46097.0,11103.0,15178.0,5500.0,93516.0,73588.0,93191.0
370.0,335.0,12920.0,3000.0,47795.0,7989.0,15613.0,5875.0,93527.0,76328.0,93192.0
310.0,292.0,10449.0,6625.0,47959.0,6865.0,15579.0,6000.0,93769.0,73987.0,93477.0
514.0,478.0,20599.0,1875.0,55525.0,2416.0,12064.0,1000.0,93957.0,88188.0,93479.0
381.0,345.0,13298.0,5625.0,49390.0,13389.0,11480.0,500.0,94027.0,74168.0,93682.0
366.0,331.0,12831.0,6625.0,51392.0,7361.0,12947.0,2625.0,94112.0,77170.0,93781.0
392.0,355.0,14506.0,2125.0,49304.0,9369.0,14569.0,4000.0,94228.0,78379.0,93873.0
416.0,383.0,16319.0,4375.0,52592.0,5806.0,12577.0,2250.0,94302.0,81488.0,93919.0
440.0,400.0,17663.0,125.0,50527.0,7335.0,14452.0,3875.0,94377.0,82642.0,93977.0
243.0,225.0,6565.0,1125.0,45033.0,20956.0,14768.0,5750.0,94422.0,66366.0,94197.0
404.0,371.0,15615.0,1875.0,49988.0,6728.0,15531.0,4375.0,94483.0,81134.0,94112.0
250.0,231.0,6771.0,750.0,45289.0,18160.0,16798.0,6625.0,94624.0,68858.0,94393.0
351.0,325.0,12433.0,5625.0,48672.0,5001.0,15617.0,7000.0,94673.0,76722.0,94348.0
301.0,285.0,11814.0,6625.0,49251.0,15128.0,11199.0,375.0,94677.0,72264.0,94392.0
290.0,277.0,8239.0,2125.0,44560.0,16877.0,15606.0,7000.0,94684.0,68405.0,94407.0
4.0,3.0,0.0,7375.0,45066.0,21847.0,14787.0,5625.0,94703.0,59853.0,94700.0
465.0,435.0,18551.0,2125.0,52625.0,3904.0,13347.0,3750.0,94737.0,84523.0,94302.0
420.0,386.0,16548.0,1375.0,48398.0,11634.0,12912.0,3500.0,94753.0,77858.0,94367.0
267.0,250.0,7194.0,6625.0,46259.0,19265.0,12459.0,2750.0,94802.0,65912.0,94552.0
386.0,347.0,13722.0,7125.0,52634.0,4107.0,13269.0,3625.0,94829.0,79625.0,94482.0
442.0,404.0,17669.0,2000.0,52041.0,935.0,15293.0,6500.0,94842.0,85003.0,94438.0
494.0,457.0,19503.0,2375.0,53665.0,6202.0,11530.0,1250.0,94982.0,84698.0,94525.0
389.0,350.0,14278.0,4875.0,49931.0,9485.0,12753.0,3500.0,95172.0,76962.0,94822.0
448.0,417.0,17966.0,4750.0,55510.0,1196.0,12357.0,3000.0,95196.0,85833.0,94779.0
297.0,284.0,8735.0,3875.0,45012.0,16539.0,15390.0,5375.0,95210.0,69137.0,94926.0
507.0,471.0,20096.0,1625.0,53806.0,6829.0,11285.0,1125.0,95237.0,85187.0,94766.0
419.0,385.0,16539.0,2125.0,50324.0,4478.0,14580.0,7000.0,95431.0,81443.0,95046.0
570.0,535.0,23326.0,375.0,56728.0,3153.0,10366.0,1000.0,95483.0,90420.0,94948.0
559.0,527.0,22935.0,625.0,56806.0,374.0,11977.0,2250.0,95494.0,91718.0,94967.0
415.0,383.0,16255.0,3000.0,49833.0,14298.0,10608.0,1125.0,95502.0,76696.0,95119.0
394.0,357.0,14525.0,4000.0,54431.0,1487.0,15341.0,5375.0,95516.0,84297.0,95159.0
488.0,452.0,19368.0,3125.0,55473.0,2385.0,11977.0,2750.0,95530.0,86818.0,95078.0
457.0,428.0,18296.0,1875.0,51647.0,4079.0,14354.0,4875.0,95554.0,84297.0,95126.0
561.0,531.0,22942.0,1375.0,57750.0,2613.0,9526.0,875.0,95612.0,90218.0,95081.0
456.0,427.0,18142.0,2500.0,52297.0,5166.0,12814.0,4375.0,95721.0,83253.0,95294.0
412.0,380.0,15999.0,4625.0,61255.0,4363.0,8250.0,875.0,95747.0,85504.0,95367.0
298.0,284.0,8997.0,6500.0,46511.0,12154.0,15446.0,5875.0,95767.0,70954.0,95483.0
293.0,280.0,9129.0,5250.0,47570.0,16294.0,12748.0,4500.0,95771.0,69447.0,95491.0
414.0,382.0,16144.0,375.0,47924.0,15168.0,12357.0,3500.0,95850.0,76425.0,95468.0
458.0,429.0,18157.0,5125.0,56403.0,1329.0,11801.0,2625.0,95869.0,86361.0,95440.0
446.0,411.0,17789.0,1250.0,55350.0,7421.0,11548.0,2125.0,95894.0,84687.0,95483.0
454.0,424.0,18107.0,3000.0,53357.0,5226.0,12538.0,3250.0,95902.0,84002.0,95478.0
523.0,489.0,21042.0,2000.0,56432.0,8379.0,7212.0,375.0,95929.0,84686.0,95440.0
441.0,401.0,17662.0,1625.0,51270.0,5224.0,14420.0,5375.0,95977.0,83352.0,95576.0
569.0,535.0,23326.0,500.0,57860.0,7228.0,6322.0,250.0,96021.0,87508.0,95486.0
522.0,486.0,21040.0,2500.0,56369.0,1562.0,11467.0,2625.0,96049.0,88876.0,95563.0
387.0,348.0,14007.0,7125.0,52921.0,12704.0,8105.0,875.0,96085.0,75033.0,95737.0
506.0,469.0,19965.0,4250.0,57658.0,4905.0,8238.0,625.0,96110.0,85861.0,95641.0
517.0,481.0,20713.0,3375.0,57773.0,5027.0,8125.0,625.0,96119.0,86611.0,95638.0
163.0,147.0,13161.0,6375.0,50649.0,10588.0,12075.0,3125.0,96120.0,75885.0,95973.0
246.0,229.0,6681.0,3500.0,44758.0,21672.0,13878.0,5500.0,96218.0,65317.0,95989.0
490.0,454.0,19422.0,3500.0,56162.0,2375.0,11486.0,2875.0,96274.0,87070.0,95820.0
534.0,503.0,21846.0,750.0,55433.0,11776.0,5621.0,500.0,96429.0,82900.0,95926.0
519.0,483.0,20913.0,1750.0,55718.0,7838.0,8170.0,1625.0,96497.0,84801.0,96014.0
427.0,390.0,16950.0,3875.0,52689.0,10159.0,10359.0,2125.0,96547.0,79998.0,96157.0
384.0,345.0,14479.0,6750.0,57351.0,4707.0,10681.0,2250.0,96563.0,82511.0,96218.0
343.0,323.0,12306.0,3250.0,46831.0,12961.0,14931.0,6000.0,96602.0,74068.0,96279.0
403.0,368.0,15511.0,7000.0,55280.0,7445.0,9149.0,1875.0,96628.0,79940.0,96260.0
34.0,28.0,0.0,1500.0,2985.0,9019.0,76613.0,6500.0,96645.0,79598.0,96617.0
426.0,390.0,16945.0,2625.0,51738.0,10131.0,11502.0,3375.0,96706.0,80185.0,96316.0
231.0,216.0,6276.0,125.0,44323.0,30569.0,11886.0,3375.0,96770.0,62485.0,96554.0
342.0,318.0,12166.0,2500.0,46727.0,12690.0,15409.0,7000.0,96810.0,74302.0,96492.0
302.0,286.0,9937.0,6125.0,47452.0,12687.0,14470.0,5875.0,96832.0,71859.0,96546.0
428.0,390.0,16976.0,5750.0,55424.0,14052.0,4036.0,250.0,96878.0,76436.0,96488.0
538.0,506.0,21882.0,750.0,55541.0,13517.0,4367.0,375.0,96938.0,81790.0,96432.0
444.0,407.0,17723.0,2625.0,51861.0,6027.0,12904.0,5625.0,97172.0,82488.0,96765.0
126.0,111.0,0.0,7375.0,45294.0,22184.0,15178.0,7125.0,97267.0,60472.0,97156.0
405.0,372.0,15689.0,6625.0,55124.0,4826.0,11451.0,3250.0,97337.0,82264.0,96965.0
430.0,393.0,17180.0,6250.0,56447.0,11001.0,4947.0,1125.0,97343.0,78574.0,96950.0
493.0,456.0,19523.0,3375.0,56121.0,6810.0,8557.0,2625.0,97467.0,84201.0,97011.0
249.0,230.0,6732.0,6625.0,45404.0,16150.0,15080.0,7375.0,97596.0,67216.0,97366.0
447.0,413.0,17899.0,6375.0,57767.0,6341.0,6926.0,1875.0,97596.0,82592.0,97183.0
486.0,449.0,19338.0,2000.0,53924.0,4062.0,12337.0,5500.0,97610.0,85599.0,97161.0
498.0,461.0,19595.0,875.0,52132.0,12598.0,9141.0,2875.0,97677.0,80868.0,97216.0
432.0,396.0,17361.0,5250.0,55516.0,3315.0,11554.0,4375.0,97767.0,84431.0,97371.0
483.0,448.0,19235.0,750.0,51722.0,4497.0,14052.0,7125.0,97829.0,85009.0,97381.0
485.0,449.0,19338.0,2750.0,54999.0,3308.0,12049.0,5000.0,97893.0,86386.0,97444.0
452.0,420.0,18077.0,2625.0,52652.0,6223.0,12512.0,5500.0,98009.0,83241.0,97589.0
401.0,366.0,15766.0,4750.0,54777.0,6600.0,11510.0,4250.0,98019.0,82053.0,97653.0
443.0,405.0,17668.0,6000.0,58129.0,3836.0,8791.0,3250.0,98079.0,84588.0,97674.0
418.0,384.0,16383.0,875.0,47963.0,29756.0,1970.0,750.0,98081.0,66316.0,97697.0
257.0,242.0,6990.0,2250.0,45000.0,35656.0,5731.0,2250.0,98119.0,57721.0,97877.0
433.0,398.0,17387.0,3125.0,52152.0,5221.0,13443.0,6500.0,98226.0,82982.0,97828.0
484.0,448.0,19240.0,2125.0,54125.0,5811.0,11564.0,5000.0,98313.0,84929.0,97865.0
471.0,439.0,18870.0,5000.0,57125.0,13376.0,2457.0,1125.0,98392.0,78452.0,97953.0
533.0,502.0,21833.0,1250.0,56412.0,11373.0,4904.0,2125.0,98399.0,83149.0,97897.0
291.0,277.0,8385.0,4500.0,49324.0,18391.0,12036.0,5500.0,98413.0,69745.0,98136.0
245.0,228.0,6602.0,2375.0,44772.0,19797.0,17271.0,7375.0,98420.0,68645.0,98192.0
525.0,491.0,21267.0,2000.0,56356.0,15523.0,1700.0,1125.0,98462.0,79323.0,97971.0
489.0,452.0,19374.0,5750.0,63096.0,6813.0,1849.0,1250.0,98584.0,84319.0,98132.0
515.0,480.0,20631.0,3625.0,57718.0,4657.0,8126.0,3375.0,98612.0,86475.0,98132.0
272.0,252.0,18317.0,6750.0,61692.0,3707.0,5303.0,2625.0,98646.0,85312.0,98394.0
549.0,518.0,22615.0,875.0,56621.0,13657.0,2624.0,1750.0,98660.0,81860.0,98142.0
431.0,395.0,17341.0,6125.0,56466.0,15318.0,1698.0,1500.0,98843.0,75505.0,98448.0
429.0,392.0,17053.0,2375.0,51904.0,10146.0,11554.0,5500.0,98924.0,80511.0,98532.0
244.0,226.0,6591.0,6000.0,45191.0,22956.0,12101.0,5875.0,98940.0,63883.0,98714.0
475.0,441.0,18966.0,1000.0,51783.0,6564.0,12838.0,7375.0,98967.0,83587.0,98526.0
526.0,493.0,21265.0,750.0,53817.0,21009.0,675.0,1000.0,99009.0,75757.0,98516.0
546.0,516.0,22433.0,1125.0,56803.0,8334.0,6556.0,3250.0,99017.0,85792.0,98501.0
466.0,435.0,18667.0,6125.0,61493.0,6702.0,3388.0,2250.0,99060.0,83548.0,98625.0
424.0,390.0,16867.0,3125.0,51674.0,13750.0,9036.0,4250.0,99092.0,77577.0,98702.0
512.0,476.0,20528.0,5000.0,63445.0,6420.0,1598.0,1625.0,99092.0,85571.0,98616.0
462.0,432.0,18385.0,4750.0,56426.0,8399.0,7220.0,3500.0,99112.0,82031.0,98680.0
496.0,459.0,19544.0,2875.0,55055.0,5084.0,11269.0,4875.0,99161.0,85868.0,98702.0
422.0,389.0,16755.0,6500.0,56364.0,2584.0,11721.0,4875.0,99188.0,84840.0,98799.0
203.0,179.0,5575.0,1500.0,44874.0,32593.0,9903.0,4750.0,99374.0,60352.0,99195.0
574.0,537.0,23504.0,1750.0,63287.0,1253.0,5646.0,3500.0,99477.0,92437.0,98940.0
587.0,553.0,23808.0,750.0,60204.0,8245.0,3272.0,2750.0,99582.0,87284.0,99029.0
472.0,440.0,18904.0,375.0,51464.0,8825.0,12592.0,7000.0,99600.0,82960.0,99160.0
470.0,439.0,18844.0,7125.0,65954.0,7051.0,64.0,125.0,99602.0,84862.0,99163.0
482.0,446.0,19195.0,2250.0,54061.0,8829.0,9854.0,5000.0,99635.0,83110.0,99189.0
505.0,466.0,19967.0,1500.0,54049.0,4413.0,12369.0,6875.0,99639.0,86385.0,99173.0
365.0,330.0,12774.0,6875.0,52043.0,6137.0,14906.0,6625.0,99690.0,79723.0,99360.0
598.0,565.0,24232.0,500.0,61585.0,9256.0,1472.0,2125.0,99735.0,87289.0,99170.0
620.0,593.0,25018.0,750.0,65995.0,6559.0,0.0,875.0,99790.0,91013.0,99197.0
474.0,441.0,18955.0,2000.0,52895.0,13382.0,7857.0,4375.0,99905.0,79707.0,99464.0
527.0,496.0,21287.0,625.0,53774.0,18131.0,2859.0,2750.0,99922.0,77920.0,99426.0
481.0,446.0,19192.0,2750.0,53767.0,6020.0,11385.0,6375.0,99935.0,84344.0,99489.0
487.0,449.0,19482.0,5750.0,63229.0,4512.0,3410.0,3125.0,99957.0,86121.0,99508.0
451.0,420.0,18042.0,5000.0,56535.0,4568.0,10188.0,5250.0,100003.0,84765.0,99583.0
568.0,533.0,23290.0,2125.0,63224.0,7661.0,934.0,2250.0,100017.0,87448.0,99484.0
499.0,462.0,19659.0,6125.0,63862.0,8215.0,0.0,1750.0,100073.0,83521.0,99611.0
524.0,491.0,21083.0,1375.0,55502.0,15636.0,2746.0,3250.0,100083.0,79331.0,99592.0
576.0,539.0,23525.0,500.0,57695.0,1401.0,10717.0,5750.0,100127.0,91937.0,99588.0
417.0,383.0,17625.0,7375.0,61666.0,965.0,7502.0,4625.0,100141.0,86793.0,99758.0
558.0,525.0,22882.0,1500.0,57729.0,2222.0,9815.0,5500.0,100173.0,90426.0,99648.0
476.0,442.0,19008.0,3375.0,55015.0,8191.0,8779.0,5375.0,100185.0,82802.0,99743.0
421.0,388.0,16676.0,7000.0,56780.0,6167.0,8185.0,5000.0,100196.0,81641.0,99808.0
467.0,435.0,18680.0,3250.0,53685.0,5877.0,11495.0,6875.0,100297.0,83860.0,99862.0
521.0,485.0,21031.0,4625.0,63919.0,3339.0,3411.0,3500.0,100310.0,88361.0,99825.0
383.0,345.0,13438.0,6125.0,51671.0,10453.0,11700.0,6625.0,100357.0,76809.0,100012.0
410.0,379.0,15969.0,7125.0,56366.0,3058.0,11331.0,6250.0,100478.0,83666.0,100099.0
468.0,435.0,18799.0,5875.0,59813.0,3576.0,7139.0,4875.0,100512.0,85751.0,100077.0
463.0,434.0,18910.0,5750.0,58702.0,7457.0,4885.0,4375.0,100513.0,82497.0,100079.0
380.0,344.0,13344.0,4375.0,49082.0,14902.0,11469.0,7125.0,100641.0,73895.0,100297.0
584.0,551.0,23765.0,875.0,61431.0,2048.0,6975.0,5000.0,100645.0,92171.0,100094.0
554.0,522.0,22835.0,2625.0,63347.0,6716.0,1551.0,3125.0,100721.0,87733.0,100199.0
423.0,390.0,16793.0,5375.0,55152.0,15054.0,3881.0,4125.0,100770.0,75826.0,100380.0
556.0,523.0,22853.0,3250.0,68356.0,986.0,1572.0,3375.0,100915.0,92781.0,100392.0
508.0,471.0,20282.0,4750.0,63167.0,2829.0,5048.0,4500.0,101047.0,88497.0,100576.0
582.0,546.0,23763.0,875.0,61101.0,2625.0,6861.0,5375.0,101146.0,91725.0,100600.0
473.0,440.0,19063.0,6500.0,63437.0,7246.0,991.0,3500.0,101177.0,83491.0,100737.0
626.0,598.0,25256.0,625.0,65916.0,5145.0,579.0,3250.0,101369.0,91751.0,100771.0
390.0,352.0,15447.0,7375.0,56247.0,5501.0,9762.0,6750.0,101434.0,81456.0,101082.0
503.0,466.0,19950.0,3625.0,56424.0,4588.0,9650.0,6750.0,101453.0,86024.0,100987.0
237.0,221.0,6310.0,4000.0,55858.0,23446.0,6015.0,5625.0,101475.0,68183.0,101254.0
477.0,442.0,19015.0,1250.0,51736.0,11540.0,10500.0,7125.0,101608.0,81251.0,101166.0
450.0,419.0,18033.0,5875.0,57116.0,5783.0,8257.0,6125.0,101608.0,83406.0,101189.0
566.0,533.0,23216.0,4000.0,71412.0,1801.0,0.0,875.0,101837.0,94628.0,101304.0
567.0,533.0,23225.0,2250.0,63709.0,1431.0,4962.0,5750.0,101860.0,91896.0,101327.0
595.0,563.0,24184.0,250.0,57830.0,4222.0,8445.0,6375.0,101869.0,90459.0,101306.0
592.0,560.0,24127.0,750.0,63061.0,3858.0,4246.0,5375.0,101977.0,91434.0,101417.0
644.0,610.0,26249.0,125.0,70556.0,1952.0,88.0,2500.0,102080.0,96893.0,101470.0
509.0,473.0,20282.0,6375.0,70637.0,1099.0,74.0,3250.0,102190.0,90993.0,101717.0
536.0,504.0,21861.0,1000.0,56144.0,17401.0,919.0,4375.0,102204.0,78924.0,101700.0
455.0,425.0,18122.0,6250.0,57795.0,7549.0,5761.0,6375.0,102277.0,81678.0,101852.0
13.0,6.0,0.0,125.0,1092.0,9340.0,85158.0,6625.0,102346.0,86250.0,102340.0
464.0,434.0,18448.0,4000.0,55494.0,8780.0,8275.0,7000.0,102431.0,82217.0,101997.0
577.0,539.0,23525.0,3500.0,71453.0,1393.0,0.0,2125.0,102535.0,94978.0,101996.0
513.0,477.0,20592.0,4375.0,63212.0,5076.0,3178.0,5750.0,102660.0,86982.0,102183.0
571.0,535.0,23491.0,1250.0,61504.0,4365.0,4900.0,6625.0,102670.0,89895.0,102135.0
591.0,560.0,24124.0,1875.0,65999.0,4773.0,562.0,5250.0,103143.0,90685.0,102583.0
20.0,13.0,0.0,6375.0,44549.0,50738.0,0.0,1750.0,103425.0,44549.0,103412.0
573.0,535.0,23497.0,375.0,57814.0,7614.0,6383.0,7250.0,103468.0,87694.0,102933.0
552.0,520.0,22654.0,1875.0,58641.0,10945.0,2632.0,6250.0,103517.0,83927.0,102997.0
545.0,515.0,22430.0,2250.0,61507.0,4970.0,4973.0,7000.0,103645.0,88910.0,103130.0
510.0,475.0,20305.0,5750.0,65898.0,6561.0,28.0,4750.0,103767.0,86231.0,103292.0
544.0,515.0,22367.0,3875.0,70076.0,5716.0,0.0,1250.0,103799.0,92443.0,103284.0
535.0,504.0,21861.0,1375.0,56294.0,17131.0,716.0,6125.0,104006.0,78871.0,103502.0
618.0,590.0,24992.0,500.0,63753.0,5037.0,3137.0,6000.0,104009.0,91882.0,103419.0
586.0,553.0,23774.0,2750.0,70600.0,5547.0,0.0,875.0,104099.0,94374.0,103546.0
596.0,563.0,24184.0,1375.0,63770.0,8261.0,160.0,5875.0,104188.0,88114.0,103625.0
638.0,605.0,25874.0,250.0,70041.0,3051.0,8.0,4375.0,104204.0,95923.0,103599.0
501.0,463.0,19940.0,5000.0,61702.0,12475.0,20.0,4625.0,104225.0,81662.0,103762.0
406.0,373.0,15699.0,500.0,49718.0,31204.0,919.0,6125.0,104538.0,66336.0,104165.0
399.0,366.0,15415.0,6750.0,72341.0,7299.0,0.0,2500.0,104671.0,87756.0,104305.0
651.0,618.0,26698.0,875.0,71409.0,5177.0,0.0,125.0,104902.0,98107.0,104284.0
239.0,222.0,6368.0,7000.0,47996.0,35936.0,557.0,7125.0,105204.0,54921.0,104982.0
555.0,523.0,22842.0,5125.0,73185.0,837.0,0.0,2750.0,105262.0,96027.0,104739.0
407.0,375.0,16357.0,6625.0,56416.0,8452.0,10195.0,7000.0,105420.0,82968.0,105045.0
613.0,582.0,24834.0,1125.0,65968.0,5372.0,345.0,7375.0,105601.0,91147.0,105019.0
518.0,481.0,20734.0,7000.0,71387.0,4776.0,0.0,1250.0,105628.0,92121.0,105147.0
478.0,444.0,19059.0,500.0,52036.0,7771.0,18802.0,7250.0,105862.0,89897.0,105418.0
600.0,570.0,24420.0,2500.0,71499.0,3401.0,0.0,3500.0,105890.0,95919.0,105320.0
155.0,144.0,2063.0,625.0,4409.0,5118.0,86608.0,7000.0,105967.0,93080.0,105823.0
247.0,230.0,6697.0,2875.0,44949.0,13782.0,30310.0,7250.0,106093.0,81956.0,105863.0
400.0,366.0,15433.0,1125.0,85247.0,3758.0,0.0,250.0,106179.0,100680.0,105813.0
564.0,533.0,23111.0,4500.0,71436.0,4870.0,0.0,1750.0,106200.0,94547.0,105667.0
622.0,596.0,25041.0,2500.0,71355.0,4640.0,0.0,2125.0,106257.0,96396.0,105661.0
266.0,250.0,7236.0,6375.0,45944.0,5415.0,33968.0,7125.0,106313.0,87148.0,106063.0
593.0,560.0,24176.0,875.0,63184.0,11034.0,93.0,6875.0,106797.0,87453.0,106237.0
278.0,261.0,7507.0,750.0,45166.0,3985.0,42021.0,7125.0,106815.0,94694.0,106554.0
191.0,168.0,5936.0,7000.0,45079.0,4046.0,37410.0,7250.0,106889.0,88425.0,106721.0
157.0,145.0,2113.0,875.0,3697.0,4052.0,88853.0,7250.0,106985.0,94663.0,106840.0
579.0,544.0,23529.0,2625.0,70008.0,5437.0,0.0,4875.0,107018.0,93537.0,106474.0
610.0,580.0,24823.0,1250.0,68519.0,8621.0,0.0,3500.0,107293.0,93342.0,106713.0
557.0,524.0,22858.0,5125.0,73330.0,3838.0,0.0,1625.0,107300.0,96188.0,106776.0
553.0,521.0,22833.0,2500.0,63289.0,15718.0,0.0,2750.0,107611.0,86122.0,107090.0
614.0,585.0,24859.0,3000.0,72603.0,2813.0,0.0,4250.0,108110.0,97462.0,107525.0
585.0,553.0,23774.0,3125.0,71515.0,6477.0,0.0,2750.0,108194.0,95289.0,107641.0
581.0,545.0,23542.0,4000.0,71390.0,4515.0,0.0,4375.0,108367.0,94932.0,107822.0
520.0,483.0,20997.0,5500.0,70542.0,7464.0,0.0,3500.0,108486.0,91539.0,108003.0
583.0,548.0,23768.0,3000.0,71599.0,6523.0,0.0,3500.0,108938.0,95367.0,108390.0
530.0,500.0,21391.0,5000.0,70446.0,10581.0,0.0,1125.0,109043.0,91837.0,108543.0
612.0,581.0,24863.0,3250.0,73175.0,7377.0,0.0,125.0,109371.0,98038.0,108790.0
580.0,544.0,23765.0,4000.0,72101.0,7677.0,0.0,1375.0,109462.0,95866.0,108918.0
603.0,573.0,24536.0,1750.0,70475.0,11391.0,0.0,750.0,109475.0,95011.0,108902.0
634.0,602.0,25644.0,2875.0,73156.0,5740.0,0.0,1500.0,109517.0,98800.0,108915.0
605.0,574.0,24617.0,2250.0,71499.0,7890.0,0.0,3000.0,109830.0,96116.0,109256.0
640.0,606.0,25935.0,2625.0,73224.0,5949.0,0.0,1750.0,110089.0,99159.0,109483.0
629.0,600.0,25404.0,2250.0,71575.0,5834.0,0.0,4625.0,110288.0,96979.0,109688.0
516.0,480.0,21094.0,6250.0,71550.0,3952.0,0.0,7125.0,110451.0,92644.0,109971.0
658.0,623.0,27006.0,2000.0,73595.0,3154.0,0.0,4125.0,110503.0,100601.0,109880.0
562.0,531.0,23000.0,4250.0,71407.0,5243.0,0.0,6125.0,110556.0,94407.0,110025.0
624.0,596.0,25195.0,1250.0,70569.0,6767.0,0.0,6875.0,111252.0,95764.0,110656.0
497.0,460.0,20662.0,5875.0,70599.0,11577.0,0.0,2125.0,111298.0,91261.0,110838.0
511.0,476.0,20406.0,6375.0,70572.0,6870.0,0.0,6750.0,111449.0,90978.0,110973.0
617.0,589.0,24987.0,4125.0,75743.0,5598.0,0.0,500.0,111542.0,100730.0,110953.0
550.0,520.0,22615.0,4250.0,71539.0,12145.0,0.0,875.0,111944.0,94154.0,111424.0
615.0,586.0,24996.0,3750.0,73099.0,2937.0,0.0,6625.0,111993.0,98095.0,111407.0
616.0,587.0,24916.0,4250.0,75848.0,2806.0,0.0,3750.0,112157.0,100764.0,111570.0
548.0,517.0,22599.0,4875.0,71422.0,11142.0,0.0,1625.0,112180.0,94021.0,111663.0
540.0,512.0,22019.0,3750.0,63857.0,16527.0,0.0,5625.0,112290.0,85876.0,111778.0
479.0,446.0,19237.0,7125.0,70357.0,12958.0,0.0,2375.0,112498.0,89594.0,112052.0
543.0,514.0,22365.0,4750.0,71463.0,7359.0,0.0,6250.0,112701.0,93828.0,112187.0
532.0,502.0,21804.0,5375.0,71431.0,10240.0,0.0,3500.0,112852.0,93235.0,112350.0
611.0,580.0,24823.0,3750.0,73193.0,6379.0,0.0,4500.0,113225.0,98016.0,112645.0
578.0,543.0,23530.0,4625.0,73445.0,7033.0,0.0,4250.0,113426.0,96975.0,112883.0
623.0,596.0,25085.0,3125.0,73398.0,7589.0,0.0,4000.0,113793.0,98483.0,113197.0
656.0,622.0,26911.0,3000.0,77806.0,5249.0,0.0,750.0,114338.0,104717.0,113716.0
590.0,558.0,24129.0,6875.0,79524.0,1388.0,0.0,1875.0,114349.0,103653.0,113791.0
563.0,532.0,23035.0,7125.0,77715.0,3919.0,0.0,2625.0,114951.0,100750.0,114419.0
594.0,562.0,24174.0,4625.0,76568.0,2148.0,0.0,7000.0,115077.0,100742.0,114515.0
599.0,567.0,24340.0,3875.0,73408.0,8884.0,0.0,4250.0,115324.0,97748.0,114757.0
604.0,573.0,24566.0,6875.0,80460.0,1312.0,0.0,1875.0,115661.0,105026.0,115088.0
647.0,612.0,26372.0,1375.0,72603.0,11373.0,0.0,3500.0,115835.0,98975.0,115223.0
601.0,571.0,24447.0,3500.0,73342.0,9656.0,0.0,4500.0,116016.0,97789.0,115445.0
654.0,619.0,26822.0,3500.0,78235.0,3938.0,0.0,3250.0,116364.0,105057.0,115745.0
528.0,497.0,21286.0,5750.0,71476.0,12646.0,0.0,4875.0,116530.0,92762.0,116033.0
565.0,533.0,23178.0,7000.0,77696.0,1115.0,0.0,7250.0,116772.0,100874.0,116239.0
677.0,652.0,28277.0,1125.0,76611.0,8449.0,0.0,2250.0,117364.0,104888.0,116712.0
660.0,626.0,27123.0,2625.0,77736.0,2976.0,0.0,6375.0,117461.0,104859.0,116835.0
628.0,600.0,25403.0,3375.0,73157.0,7880.0,0.0,7250.0,117665.0,98560.0,117065.0
607.0,576.0,24743.0,4750.0,76761.0,9622.0,0.0,1250.0,117702.0,101504.0,117126.0
589.0,555.0,23858.0,6750.0,79911.0,5698.0,0.0,1000.0,117772.0,103769.0,117217.0
652.0,618.0,26725.0,2750.0,76796.0,9240.0,0.0,2000.0,118129.0,103521.0,117511.0
588.0,555.0,24032.0,5250.0,75838.0,7716.0,0.0,4750.0,118141.0,99870.0,117586.0
642.0,607.0,26091.0,4625.0,79763.0,2084.0,0.0,5125.0,118295.0,105854.0,117688.0
698.0,664.0,28965.0,125.0,75909.0,10689.0,0.0,2375.0,118727.0,104874.0,118063.0
683.0,654.0,28467.0,1250.0,77739.0,10139.0,0.0,750.0,118999.0,106206.0,118345.0
547.0,517.0,22490.0,6250.0,73133.0,10885.0,0.0,5750.0,119025.0,95623.0,118508.0
609.0,578.0,24805.0,3750.0,73213.0,9862.0,0.0,6875.0,119083.0,98018.0,118505.0
674.0,647.0,28159.0,625.0,73118.0,11088.0,0.0,5500.0,119137.0,101277.0,118490.0
529.0,498.0,21851.0,7250.0,73061.0,14995.0,0.0,1625.0,119280.0,94912.0,118782.0
138.0,121.0,22565.0,6625.0,73120.0,11801.0,0.0,5250.0,119482.0,95685.0,119361.0
500.0,462.0,19871.0,875.0,52643.0,45394.0,0.0,500.0,119745.0,72514.0,119283.0
681.0,653.0,28384.0,1125.0,77915.0,6094.0,0.0,5875.0,120046.0,106299.0,119393.0
659.0,625.0,27056.0,2625.0,77781.0,11755.0,0.0,625.0,120467.0,104837.0,119842.0
531.0,501.0,21739.0,7125.0,73147.0,12902.0,0.0,5125.0,120539.0,94886.0,120038.0
650.0,617.0,26640.0,4375.0,79620.0,8737.0,0.0,625.0,120614.0,106260.0,119997.0
671.0,643.0,28128.0,3375.0,81024.0,5505.0,0.0,2250.0,120925.0,109152.0,120282.0
685.0,655.0,28478.0,1875.0,78238.0,9412.0,0.0,2375.0,121033.0,106716.0,120378.0
539.0,508.0,22954.0,7250.0,77774.0,12385.0,0.0,375.0,121246.0,100728.0,120738.0
537.0,504.0,22004.0,6250.0,73413.0,12900.0,0.0,6500.0,121571.0,95417.0,121067.0
663.0,632.0,27359.0,4125.0,80585.0,6787.0,0.0,2125.0,121613.0,107944.0,120981.0
713.0,677.0,29547.0,625.0,77876.0,5748.0,0.0,7250.0,121723.0,107423.0,121046.0
648.0,612.0,26385.0,4125.0,79947.0,5495.0,0.0,5500.0,122064.0,106332.0,121452.0
635.0,602.0,25679.0,6000.0,81505.0,6197.0,0.0,2125.0,122108.0,107184.0,121506.0
551.0,520.0,22626.0,5625.0,73419.0,12583.0,0.0,7375.0,122148.0,96045.0,121628.0
684.0,655.0,28478.0,1625.0,78418.0,8718.0,0.0,4500.0,122394.0,106896.0,121739.0
675.0,649.0,28280.0,1000.0,78148.0,7203.0,0.0,7125.0,122405.0,106428.0,121756.0
641.0,607.0,26019.0,5625.0,81386.0,2552.0,0.0,6250.0,122439.0,107405.0,121832.0
680.0,653.0,28384.0,2000.0,80032.0,7711.0,0.0,3750.0,122530.0,108416.0,121877.0
560.0,529.0,23294.0,7375.0,79876.0,5375.0,0.0,6125.0,122574.0,103170.0,122045.0
718.0,683.0,29691.0,125.0,77695.0,14393.0,0.0,125.0,122712.0,107386.0,122029.0
673.0,647.0,28135.0,2250.0,80010.0,8455.0,0.0,3250.0,122747.0,108145.0,122100.0
608.0,577.0,24772.0,4875.0,77863.0,7506.0,0.0,7250.0,122843.0,102635.0,122266.0
676.0,651.0,28240.0,3125.0,81621.0,7975.0,0.0,1625.0,123237.0,109861.0,122586.0
597.0,564.0,24819.0,7000.0,82897.0,3904.0,0.0,4125.0,123309.0,107716.0,122745.0
502.0,465.0,19942.0,3000.0,56238.0,37607.0,0.0,6250.0,123502.0,76180.0,123037.0
636.0,603.0,25749.0,5875.0,81361.0,7621.0,0.0,2375.0,123584.0,107110.0,122981.0
670.0,642.0,28116.0,4625.0,84912.0,3305.0,0.0,2000.0,123600.0,113028.0,122958.0
606.0,575.0,24652.0,7250.0,82474.0,6878.0,0.0,2000.0,123829.0,107126.0,123254.0
637.0,604.0,25804.0,6750.0,84791.0,5339.0,0.0,625.0,123913.0,110595.0,123309.0
708.0,672.0,29257.0,1750.0,79573.0,6253.0,0.0,6750.0,124255.0,108830.0,123583.0
643.0,608.0,26200.0,6500.0,84833.0,1151.0,0.0,5000.0,124292.0,111033.0,123684.0
300.0,284.0,23748.0,6875.0,78136.0,11777.0,0.0,3500.0,124320.0,101884.0,124036.0
707.0,672.0,29165.0,2125.0,80373.0,5614.0,0.0,6375.0,124324.0,109538.0,123652.0
766.0,728.0,31746.0,250.0,82353.0,6004.0,0.0,3250.0,124331.0,114099.0,123603.0
661.0,628.0,27153.0,4625.0,81826.0,6686.0,0.0,4000.0,124918.0,108979.0,124290.0
631.0,601.0,25521.0,4500.0,77745.0,10504.0,0.0,6125.0,124996.0,103266.0,124395.0
793.0,751.0,32983.0,125.0,86124.0,3471.0,0.0,1625.0,125079.0,119107.0,124328.0
627.0,598.0,25384.0,6500.0,82589.0,7249.0,0.0,2875.0,125195.0,107973.0,124597.0
760.0,722.0,31661.0,875.0,84871.0,4749.0,0.0,2625.0,125503.0,116532.0,124781.0
738.0,699.0,30980.0,750.0,81909.0,11199.0,0.0,125.0,125662.0,112889.0,124963.0
757.0,720.0,31531.0,500.0,82529.0,9388.0,0.0,1000.0,125668.0,114060.0,124948.0
741.0,703.0,31259.0,125.0,80411.0,11698.0,0.0,1500.0,125696.0,111670.0,124993.0
710.0,676.0,29393.0,2375.0,81905.0,5506.0,0.0,6000.0,125855.0,111298.0,125179.0
716.0,680.0,29626.0,250.0,77783.0,12694.0,0.0,4875.0,125908.0,107409.0,125228.0
672.0,646.0,28160.0,2875.0,79617.0,7449.0,0.0,7250.0,125997.0,107777.0,125351.0
753.0,714.0,31510.0,250.0,82299.0,6372.0,0.0,4875.0,126020.0,113809.0,125306.0
602.0,571.0,24523.0,7125.0,81172.0,9253.0,0.0,3750.0,126394.0,105695.0,125823.0
625.0,598.0,25406.0,5875.0,80447.0,8489.0,0.0,5625.0,126440.0,105853.0,125842.0
711.0,676.0,29417.0,2125.0,81057.0,7870.0,0.0,5625.0,126770.0,110474.0,126094.0
541.0,513.0,22024.0,6500.0,73240.0,18001.0,0.0,6625.0,126903.0,95264.0,126390.0
690.0,657.0,28675.0,3125.0,82016.0,8747.0,0.0,3750.0,126970.0,110691.0,126313.0
653.0,619.0,26766.0,4625.0,80325.0,8237.0,0.0,6500.0,127072.0,107091.0,126453.0
655.0,620.0,26870.0,5625.0,84249.0,7827.0,0.0,2375.0,127566.0,111119.0,126946.0
649.0,613.0,26517.0,6500.0,85554.0,8143.0,0.0,250.0,127577.0,112071.0,126964.0
619.0,591.0,25090.0,7125.0,86439.0,6481.0,0.0,1875.0,127601.0,111529.0,127010.0
669.0,640.0,28058.0,4750.0,85299.0,7432.0,0.0,1500.0,127679.0,113357.0,127039.0
781.0,743.0,32609.0,125.0,85522.0,7624.0,0.0,1500.0,128123.0,118131.0,127380.0
693.0,659.0,28719.0,375.0,75875.0,20390.0,0.0,2125.0,128143.0,104594.0,127484.0
742.0,704.0,31306.0,1750.0,85985.0,7169.0,0.0,1500.0,128414.0,117291.0,127710.0
646.0,612.0,26368.0,6125.0,83667.0,5631.0,0.0,6375.0,128778.0,110035.0,128166.0
679.0,653.0,28365.0,2000.0,80024.0,10841.0,0.0,7000.0,128883.0,108389.0,128230.0
763.0,726.0,31703.0,1000.0,85229.0,4887.0,0.0,5500.0,129045.0,116932.0,128319.0
657.0,623.0,26941.0,5500.0,83500.0,5757.0,0.0,6875.0,129196.0,110441.0,128573.0
702.0,666.0,29035.0,3750.0,85329.0,6679.0,0.0,3750.0,129209.0,114364.0,128543.0
811.0,770.0,33737.0,250.0,87637.0,5368.0,0.0,1500.0,129262.0,121374.0,128492.0
728.0,691.0,30158.0,875.0,80484.0,16239.0,0.0,875.0,129322.0,110642.0,128631.0
697.0,664.0,28935.0,1000.0,77768.0,16581.0,0.0,4875.0,129823.0,106703.0,129159.0
575.0,538.0,23503.0,1375.0,61740.0,39466.0,0.0,3875.0,130497.0,85243.0,129959.0
751.0,714.0,31504.0,1250.0,85403.0,4887.0,0.0,6750.0,130508.0,116907.0,129794.0
743.0,705.0,31309.0,3250.0,87483.0,7796.0,0.0,250.0,130793.0,118792.0,130088.0
664.0,634.0,27453.0,5625.0,85568.0,6906.0,0.0,4875.0,131061.0,113021.0,130427.0
696.0,662.0,28769.0,1500.0,78242.0,20788.0,0.0,1125.0,131086.0,107011.0,130424.0
692.0,659.0,28706.0,1125.0,77704.0,16423.0,0.0,6500.0,131117.0,106410.0,130458.0
714.0,679.0,29553.0,2875.0,84145.0,9527.0,0.0,4500.0,131279.0,113698.0,130600.0
739.0,700.0,30981.0,3375.0,87531.0,7164.0,0.0,1625.0,131376.0,118512.0,130676.0
746.0,709.0,31307.0,1125.0,84753.0,9884.0,0.0,3750.0,131528.0,116060.0,130819.0
844.0,806.0,34895.0,125.0,89711.0,1295.0,0.0,4750.0,131582.0,124606.0,130776.0
765.0,727.0,31730.0,500.0,83495.0,9749.0,0.0,5500.0,131701.0,115225.0,130974.0
712.0,676.0,29486.0,4625.0,87616.0,8739.0,0.0,625.0,131767.0,117102.0,131091.0
794.0,753.0,32987.0,250.0,87610.0,5344.0,0.0,4875.0,131819.0,120597.0,131066.0
745.0,708.0,31308.0,1500.0,85509.0,7120.0,0.0,5750.0,131895.0,116817.0,131187.0
776.0,734.0,32381.0,1375.0,87339.0,6502.0,0.0,3625.0,131956.0,119720.0,131222.0
148.0,134.0,28637.0,6750.0,87716.0,6889.0,0.0,1875.0,132001.0,116353.0,131867.0
725.0,691.0,30021.0,5000.0,87888.0,5233.0,0.0,3500.0,132333.0,117909.0,131642.0
668.0,640.0,28054.0,4875.0,85568.0,9497.0,0.0,3750.0,132384.0,113622.0,131744.0
721.0,685.0,29914.0,1125.0,79931.0,15640.0,0.0,5750.0,133045.0,109845.0,132360.0
639.0,606.0,25924.0,7250.0,86062.0,6849.0,0.0,6625.0,133316.0,111986.0,132710.0
750.0,713.0,31433.0,2375.0,87543.0,5756.0,0.0,5625.0,133445.0,118976.0,132732.0
662.0,631.0,27193.0,6125.0,86329.0,9528.0,0.0,3875.0,133681.0,113522.0,133050.0
755.0,717.0,31510.0,1125.0,84897.0,11372.0,0.0,4375.0,133996.0,116407.0,133279.0
744.0,706.0,31308.0,1875.0,86100.0,13118.0,0.0,1250.0,134357.0,117408.0,133651.0
715.0,679.0,29692.0,4375.0,87575.0,11054.0,0.0,1250.0,134625.0,117267.0,133946.0
666.0,638.0,27852.0,6500.0,87540.0,5784.0,0.0,6750.0,135064.0,115392.0,134426.0
687.0,656.0,28510.0,6625.0,89668.0,9498.0,0.0,125.0,135082.0,118178.0,134426.0
667.0,639.0,27868.0,6000.0,87376.0,10776.0,0.0,2500.0,135159.0,115244.0,134520.0
837.0,798.0,34792.0,125.0,89476.0,7596.0,0.0,2500.0,135287.0,124268.0,134489.0
695.0,660.0,28939.0,2625.0,81202.0,17137.0,0.0,5250.0,135813.0,110141.0,135153.0
735.0,697.0,30865.0,3625.0,87525.0,11673.0,0.0,1500.0,135885.0,118390.0,135188.0
727.0,691.0,30132.0,1500.0,81848.0,16462.0,0.0,5750.0,136383.0,111980.0,135692.0
825.0,788.0,34215.0,500.0,87717.0,7304.0,0.0,5875.0,136399.0,121932.0,135611.0
689.0,657.0,28654.0,6750.0,91759.0,6380.0,0.0,2250.0,136450.0,120413.0,135793.0
836.0,798.0,34761.0,625.0,92147.0,3230.0,0.0,5000.0,136561.0,126908.0,135763.0
808.0,768.0,33540.0,625.0,87506.0,7481.0,0.0,6750.0,136670.0,121046.0,135902.0
694.0,659.0,28719.0,5625.0,87571.0,10443.0,0.0,3750.0,136767.0,116290.0,136108.0
719.0,684.0,29806.0,2250.0,82374.0,15021.0,0.0,6750.0,136885.0,112180.0,136201.0
801.0,759.0,33190.0,1750.0,87846.0,8754.0,0.0,4625.0,136924.0,121036.0,136165.0
802.0,760.0,33230.0,1125.0,87529.0,10386.0,0.0,4000.0,137030.0,120759.0,136270.0
783.0,746.0,32670.0,125.0,85542.0,10886.0,0.0,7125.0,137094.0,118212.0,136348.0
780.0,742.0,32566.0,1000.0,87305.0,10361.0,0.0,5250.0,137224.0,119871.0,136482.0
764.0,727.0,31717.0,1250.0,85551.0,11748.0,0.0,6250.0,137243.0,117268.0,136516.0
709.0,674.0,29385.0,5500.0,87750.0,8630.0,0.0,5500.0,137439.0,117135.0,136765.0
796.0,754.0,33006.0,2750.0,94237.0,3341.0,0.0,3375.0,137463.0,127243.0,136709.0
843.0,806.0,34893.0,375.0,91704.0,7244.0,0.0,2625.0,137647.0,126597.0,136841.0
705.0,671.0,29085.0,6750.0,93991.0,5495.0,0.0,1750.0,137742.0,123076.0,137071.0
769.0,731.0,32009.0,1000.0,85757.0,11250.0,0.0,7250.0,137997.0,117766.0,137266.0
817.0,780.0,33960.0,2000.0,96277.0,3039.0,0.0,2125.0,138181.0,130237.0,137401.0
748.0,712.0,31375.0,3875.0,90239.0,10367.0,0.0,1750.0,138318.0,121614.0,137606.0
736.0,697.0,30935.0,4250.0,90740.0,10273.0,0.0,1500.0,138395.0,121675.0,137698.0
786.0,747.0,32704.0,2250.0,87883.0,8732.0,0.0,6125.0,138441.0,120587.0,137694.0
665.0,638.0,27577.0,7375.0,87864.0,10278.0,0.0,4750.0,138482.0,115441.0,137844.0
774.0,734.0,32371.0,3125.0,92217.0,5243.0,0.0,5000.0,138690.0,124588.0,137956.0
827.0,790.0,34266.0,1250.0,92328.0,7221.0,0.0,3000.0,138855.0,126594.0,138065.0
821.0,786.0,34096.0,1500.0,93538.0,7085.0,0.0,1875.0,138880.0,127634.0,138094.0
682.0,653.0,28468.0,6875.0,90918.0,9975.0,0.0,2000.0,138889.0,119386.0,138236.0
747.0,712.0,31507.0,3375.0,87908.0,9881.0,0.0,5625.0,139008.0,119415.0,138296.0
879.0,833.0,36306.0,125.0,96417.0,4594.0,0.0,750.0,139025.0,132723.0,138192.0
795.0,754.0,33026.0,3125.0,96125.0,3094.0,0.0,3000.0,139124.0,129151.0,138370.0
874.0,829.0,36187.0,375.0,96605.0,1018.0,0.0,4125.0,139139.0,132792.0,138310.0
678.0,653.0,28365.0,7000.0,90926.0,8599.0,0.0,3625.0,139168.0,119291.0,138515.0
701.0,664.0,29004.0,7000.0,95991.0,4523.0,0.0,2000.0,139182.0,124995.0,138518.0
688.0,656.0,28601.0,5625.0,87523.0,10873.0,0.0,6250.0,139528.0,116124.0,138872.0
813.0,775.0,33746.0,1875.0,93565.0,7370.0,0.0,2375.0,139706.0,127311.0,138931.0
791.0,750.0,32962.0,2875.0,95729.0,1082.0,0.0,6375.0,139773.0,128691.0,139023.0
787.0,748.0,32768.0,2375.0,90288.0,11450.0,0.0,2625.0,140254.0,123056.0,139506.0
882.0,837.0,36375.0,1375.0,99108.0,1394.0,0.0,1250.0,140339.0,135483.0,139502.0
772.0,732.0,32204.0,3500.0,93690.0,10126.0,0.0,250.0,140502.0,125894.0,139770.0
699.0,664.0,28965.0,4750.0,87344.0,17573.0,0.0,1375.0,140671.0,116309.0,140007.0
686.0,656.0,28709.0,5375.0,87580.0,11862.0,0.0,6625.0,140807.0,116289.0,140151.0
731.0,692.0,30345.0,4375.0,87431.0,17940.0,0.0,250.0,141033.0,117776.0,140341.0
831.0,792.0,34620.0,2000.0,96788.0,5634.0,0.0,1250.0,141084.0,131408.0,140292.0
770.0,732.0,32074.0,3625.0,93538.0,8384.0,0.0,2750.0,141103.0,125612.0,140371.0
734.0,696.0,30627.0,6125.0,96909.0,6825.0,0.0,125.0,141307.0,127536.0,140611.0
810.0,770.0,33720.0,1000.0,87388.0,11635.0,0.0,6875.0,141388.0,121108.0,140618.0
724.0,689.0,30069.0,3875.0,87515.0,13764.0,0.0,5500.0,141412.0,117584.0,140723.0
777.0,736.0,32386.0,3375.0,93638.0,6625.0,0.0,5000.0,141760.0,126024.0,141024.0
706.0,671.0,29097.0,6250.0,91277.0,10874.0,0.0,4000.0,142169.0,120374.0,141498.0
865.0,825.0,35685.0,2125.0,99287.0,3692.0,0.0,625.0,142239.0,134972.0,141414.0
892.0,841.0,36695.0,250.0,98126.0,4994.0,0.0,1500.0,142406.0,134821.0,141565.0
788.0,750.0,32962.0,3500.0,96186.0,7711.0,0.0,1375.0,142484.0,129148.0,141734.0
829.0,791.0,34396.0,3250.0,98568.0,2767.0,0.0,3250.0,143022.0,132964.0,142231.0
800.0,758.0,33136.0,3750.0,97420.0,4103.0,0.0,3875.0,143042.0,130556.0,142284.0
730.0,692.0,30249.0,5125.0,91696.0,14751.0,0.0,625.0,143138.0,121945.0,142446.0
860.0,822.0,35462.0,1375.0,97500.0,2763.0,0.0,5250.0,143172.0,132962.0,142350.0
761.0,722.0,31760.0,6250.0,99314.0,4526.0,0.0,750.0,143322.0,131074.0,142600.0
814.0,776.0,33810.0,1250.0,90309.0,11278.0,0.0,6125.0,143548.0,124119.0,142772.0
833.0,793.0,34710.0,2000.0,97122.0,3421.0,0.0,5750.0,143796.0,131832.0,143003.0
782.0,744.0,32639.0,3750.0,96145.0,6685.0,0.0,3875.0,143838.0,128784.0,143094.0
809.0,770.0,33609.0,3250.0,97393.0,4677.0,0.0,4250.0,143949.0,131002.0,143179.0
824.0,787.0,34203.0,3000.0,98409.0,6150.0,0.0,1500.0,144049.0,132612.0,143262.0
841.0,804.0,34790.0,1750.0,96388.0,7021.0,0.0,3375.0,144128.0,131178.0,143324.0
850.0,811.0,35169.0,625.0,95728.0,6645.0,0.0,5250.0,144228.0,130897.0,143417.0
762.0,722.0,31684.0,5750.0,98294.0,7106.0,0.0,750.0,144306.0,129978.0,143584.0
819.0,781.0,33970.0,3125.0,98248.0,5060.0,0.0,3250.0,144434.0,132218.0,143653.0
855.0,819.0,35242.0,625.0,96101.0,5158.0,0.0,6500.0,144445.0,131343.0,143626.0
834.0,794.0,34727.0,2375.0,98487.0,6632.0,0.0,1500.0,144515.0,133214.0,143721.0
723.0,689.0,30022.0,3875.0,87522.0,15612.0,0.0,6875.0,144595.0,117544.0,143906.0
720.0,685.0,29871.0,5000.0,87732.0,16261.0,0.0,5125.0,144674.0,117603.0,143989.0
700.0,664.0,29568.0,6750.0,96063.0,4650.0,0.0,7375.0,145070.0,125631.0,144406.0
880.0,834.0,36312.0,250.0,96692.0,7748.0,0.0,3250.0,145086.0,133004.0,144252.0
749.0,713.0,31403.0,4500.0,95768.0,6131.0,0.0,6625.0,145140.0,127171.0,144427.0
822.0,787.0,34172.0,3875.0,101074.0,5218.0,0.0,125.0,145251.0,135246.0,144464.0
737.0,698.0,31312.0,5125.0,96181.0,11685.0,0.0,625.0,145626.0,127493.0,144928.0
779.0,740.0,32518.0,4000.0,96187.0,8753.0,0.0,3500.0,145698.0,128705.0,144958.0
759.0,722.0,31601.0,4750.0,96034.0,6622.0,0.0,6000.0,145729.0,127635.0,145007.0
854.0,818.0,35220.0,2375.0,98354.0,2980.0,0.0,6250.0,145997.0,133574.0,145179.0
169.0,151.0,26708.0,6875.0,91992.0,19231.0,0.0,1125.0,146082.0,118700.0,145931.0
848.0,808.0,34983.0,2000.0,98201.0,7626.0,0.0,2500.0,146118.0,133184.0,145310.0
820.0,783.0,34004.0,3750.0,99092.0,2279.0,0.0,6250.0,146158.0,133096.0,145375.0
826.0,789.0,34267.0,5250.0,102178.0,3431.0,0.0,250.0,146165.0,136445.0,145376.0
797.0,754.0,33026.0,3625.0,96777.0,5633.0,0.0,6375.0,146190.0,129803.0,145436.0
895.0,845.0,36745.0,250.0,98216.0,3852.0,0.0,6500.0,146408.0,134961.0,145563.0
856.0,819.0,35247.0,3375.0,101643.0,4820.0,0.0,750.0,146654.0,136890.0,145835.0
756.0,719.0,31664.0,6000.0,98185.0,6884.0,0.0,3375.0,146827.0,129849.0,146108.0
632.0,601.0,25540.0,2750.0,73313.0,38281.0,0.0,6500.0,146985.0,98853.0,146384.0
691.0,658.0,28703.0,1500.0,78077.0,37870.0,0.0,625.0,147433.0,106780.0,146775.0
805.0,762.0,33366.0,5000.0,101357.0,565.0,0.0,6500.0,147550.0,134723.0,146788.0
771.0,732.0,32135.0,4750.0,97397.0,7873.0,0.0,5375.0,148262.0,129532.0,147530.0
893.0,844.0,36746.0,2625.0,102191.0,3856.0,0.0,2000.0,148262.0,138937.0,147418.0
732.0,692.0,30471.0,4875.0,91289.0,14776.0,0.0,6250.0,148353.0,121760.0,147661.0
775.0,734.0,32373.0,4375.0,97031.0,12001.0,0.0,1875.0,148389.0,129404.0,147655.0
847.0,808.0,34907.0,1875.0,97367.0,6992.0,0.0,6500.0,148449.0,132274.0,147641.0
789.0,750.0,32819.0,5875.0,101665.0,344.0,0.0,7000.0,148453.0,134484.0,147703.0
767.0,729.0,31748.0,5250.0,97816.0,6125.0,0.0,6875.0,148543.0,129564.0,147814.0
921.0,871.0,37757.0,125.0,100796.0,3590.0,0.0,5750.0,148889.0,138553.0,148018.0
838.0,799.0,34791.0,625.0,99909.0,6155.0,0.0,6750.0,149029.0,134700.0,148230.0
799.0,757.0,33132.0,3250.0,96236.0,8393.0,0.0,7375.0,149143.0,129368.0,148386.0
792.0,750.0,32984.0,6750.0,102655.0,602.0,0.0,5500.0,149241.0,135639.0,148491.0
891.0,841.0,36662.0,1125.0,99114.0,4857.0,0.0,6750.0,149349.0,135776.0,148508.0
927.0,878.0,38028.0,250.0,101346.0,5859.0,0.0,3000.0,149361.0,139374.0,148483.0
894.0,845.0,36701.0,2125.0,101997.0,1561.0,0.0,6375.0,149604.0,138698.0,148759.0
733.0,694.0,30504.0,6125.0,96367.0,15030.0,0.0,1000.0,149720.0,126871.0,149026.0
904.0,852.0,36930.0,1375.0,101514.0,6000.0,0.0,3125.0,149796.0,138444.0,148944.0
899.0,847.0,36808.0,750.0,98484.0,6585.0,0.0,6500.0,149974.0,135292.0,149127.0
823.0,787.0,34216.0,4375.0,101655.0,8740.0,0.0,250.0,150023.0,135871.0,149236.0
862.0,824.0,35572.0,1375.0,98084.0,7755.0,0.0,6500.0,150110.0,133656.0,149286.0
815.0,778.0,34104.0,3625.0,98388.0,6108.0,0.0,7375.0,150378.0,132492.0,149600.0
945.0,898.0,38632.0,2000.0,104751.0,3530.0,0.0,625.0,150436.0,143383.0,149538.0
931.0,882.0,38274.0,1625.0,102775.0,6254.0,0.0,750.0,150560.0,141049.0,149678.0
784.0,746.0,32705.0,4000.0,96934.0,10630.0,0.0,5625.0,150640.0,129639.0,149894.0
812.0,772.0,33814.0,4125.0,99234.0,12123.0,0.0,750.0,150818.0,133048.0,150046.0
903.0,850.0,36921.0,750.0,98810.0,10504.0,0.0,3250.0,151085.0,135731.0,150235.0
934.0,884.0,38430.0,125.0,101611.0,6008.0,0.0,4125.0,151183.0,140041.0,150299.0
752.0,714.0,31505.0,6375.0,99126.0,10624.0,0.0,3125.0,151469.0,130631.0,150755.0
832.0,792.0,34698.0,3875.0,101541.0,7305.0,0.0,3500.0,151711.0,136239.0,150919.0
790.0,750.0,32880.0,5875.0,101948.0,5333.0,0.0,5000.0,151786.0,134828.0,151036.0
818.0,780.0,33966.0,6125.0,102925.0,3843.0,0.0,4250.0,151889.0,136891.0,151109.0
740.0,702.0,31177.0,6375.0,98506.0,7894.0,0.0,7375.0,152029.0,129683.0,151327.0
871.0,825.0,36080.0,750.0,97427.0,10496.0,0.0,6500.0,152078.0,133507.0,151253.0
726.0,691.0,30871.0,6375.0,98446.0,15241.0,0.0,500.0,152124.0,129317.0,151433.0
758.0,722.0,31559.0,6625.0,101346.0,5007.0,0.0,7125.0,152384.0,132905.0,151662.0
938.0,887.0,38491.0,2000.0,103881.0,6878.0,0.0,250.0,152387.0,142372.0,151500.0
959.0,918.0,39566.0,250.0,102718.0,7482.0,0.0,1625.0,152559.0,142284.0,151641.0
853.0,816.0,35245.0,4750.0,102807.0,2195.0,0.0,6750.0,152563.0,138052.0,151747.0
852.0,814.0,35204.0,4875.0,104108.0,2790.0,0.0,4875.0,152666.0,139312.0,151852.0
845.0,807.0,34905.0,3000.0,99285.0,7758.0,0.0,7250.0,153005.0,134190.0,152198.0
941.0,891.0,38548.0,750.0,102090.0,10375.0,0.0,375.0,153029.0,140638.0,152138.0
922.0,872.0,37763.0,2125.0,102714.0,3204.0,0.0,6500.0,153178.0,140477.0,152306.0
798.0,754.0,33195.0,4625.0,99073.0,8634.0,0.0,7000.0,153281.0,132268.0,152527.0
778.0,737.0,32421.0,6500.0,101956.0,11877.0,0.0,125.0,153616.0,134377.0,152879.0
885.0,837.0,36507.0,2625.0,101791.0,9883.0,0.0,2000.0,153643.0,138298.0,152806.0
867.0,825.0,35791.0,1125.0,98072.0,12113.0,0.0,5750.0,153676.0,133863.0,152851.0
889.0,840.0,36642.0,1750.0,101551.0,6618.0,0.0,6500.0,153901.0,138193.0,153061.0
729.0,691.0,30216.0,6875.0,98103.0,17641.0,0.0,375.0,153901.0,128319.0,153210.0
704.0,670.0,29083.0,4375.0,87484.0,29610.0,0.0,2875.0,154097.0,116567.0,153427.0
754.0,716.0,31511.0,7000.0,101526.0,7996.0,0.0,5375.0,154124.0,133037.0,153408.0
940.0,890.0,38506.0,1875.0,103980.0,5056.0,0.0,3875.0,154182.0,142486.0,153292.0
703.0,668.0,29079.0,3375.0,84533.0,32201.0,0.0,4500.0,154356.0,113612.0,153688.0
828.0,790.0,34769.0,5750.0,105362.0,5963.0,0.0,1875.0,154509.0,140131.0,153719.0
876.0,831.0,36302.0,1875.0,101246.0,10605.0,0.0,3750.0,154609.0,137548.0,153778.0
935.0,885.0,38480.0,1250.0,102614.0,7779.0,0.0,3625.0,154633.0,141094.0,153748.0
717.0,680.0,30031.0,7375.0,98313.0,12250.0,0.0,6000.0,154649.0,128344.0,153969.0
992.0,954.0,40632.0,375.0,109924.0,1836.0,0.0,1000.0,154721.0,150556.0,153767.0
858.0,821.0,35409.0,5500.0,106990.0,1007.0,0.0,5000.0,154727.0,142399.0,153906.0
877.0,832.0,36314.0,4125.0,103980.0,5036.0,0.0,4625.0,154912.0,140294.0,154080.0
773.0,733.0,32331.0,6250.0,101493.0,7879.0,0.0,6500.0,155186.0,133824.0,154453.0
870.0,825.0,36042.0,1875.0,99427.0,9876.0,0.0,7250.0,155295.0,135469.0,154470.0
984.0,943.0,40519.0,125.0,108387.0,3955.0,0.0,1375.0,155304.0,148906.0,154361.0
722.0,686.0,30006.0,7000.0,97595.0,18406.0,0.0,1625.0,155318.0,127601.0,154632.0
816.0,779.0,33854.0,5500.0,101816.0,6332.0,0.0,7125.0,155406.0,135670.0,154627.0
849.0,811.0,35151.0,5625.0,105199.0,4146.0,0.0,4500.0,155432.0,140350.0,154621.0
807.0,766.0,33741.0,5500.0,101761.0,7103.0,0.0,7000.0,155871.0,135502.0,155105.0
861.0,822.0,35560.0,2500.0,101081.0,11980.0,0.0,4125.0,156068.0,136641.0,155246.0
942.0,892.0,38549.0,1500.0,104074.0,10244.0,0.0,1000.0,156259.0,142623.0,155367.0
912.0,860.0,37523.0,2500.0,104243.0,5346.0,0.0,6125.0,156597.0,141766.0,155737.0
919.0,867.0,37720.0,1750.0,102176.0,7461.0,0.0,6625.0,156599.0,139896.0,155732.0
890.0,841.0,36695.0,3625.0,103979.0,4385.0,0.0,7125.0,156650.0,140674.0,155809.0
949.0,901.0,38852.0,3375.0,109940.0,3015.0,0.0,750.0,156833.0,148792.0,155932.0
863.0,825.0,35611.0,7125.0,110621.0,1932.0,0.0,750.0,156864.0,146232.0,156039.0
875.0,829.0,36244.0,3875.0,104122.0,8887.0,0.0,3000.0,156957.0,140366.0,156128.0
857.0,819.0,35247.0,5000.0,104020.0,9140.0,0.0,2750.0,156976.0,139267.0,156157.0
909.0,857.0,37299.0,2375.0,102641.0,10332.0,0.0,3500.0,157004.0,139940.0,156147.0
898.0,846.0,36798.0,5375.0,109776.0,1212.0,0.0,3000.0,157007.0,146574.0,156161.0
973.0,931.0,40176.0,750.0,108253.0,4131.0,0.0,2875.0,157116.0,148429.0,156185.0
953.0,908.0,39225.0,2750.0,109771.0,2633.0,0.0,2250.0,157537.0,148996.0,156629.0
995.0,962.0,40647.0,375.0,109905.0,1546.0,0.0,4125.0,157560.0,150552.0,156598.0
804.0,760.0,33360.0,7125.0,103895.0,10238.0,0.0,2250.0,157628.0,137255.0,156868.0
881.0,836.0,36376.0,4250.0,104293.0,8636.0,0.0,3375.0,157766.0,140669.0,156930.0
923.0,872.0,37839.0,2875.0,105092.0,5972.0,0.0,5125.0,157775.0,142931.0,156903.0
768.0,729.0,32687.0,7250.0,102656.0,10126.0,0.0,4375.0,157823.0,135343.0,157094.0
936.0,886.0,38479.0,2375.0,108234.0,6127.0,0.0,1875.0,157976.0,146713.0,157090.0
785.0,746.0,32702.0,5125.0,106384.0,6928.0,0.0,6375.0,158260.0,139086.0,157514.0
906.0,856.0,36952.0,3000.0,102802.0,9185.0,0.0,5500.0,158295.0,139754.0,157439.0
979.0,934.0,40375.0,250.0,105227.0,7518.0,0.0,4000.0,158304.0,145602.0,157370.0
916.0,863.0,37674.0,3250.0,108281.0,6743.0,0.0,1500.0,158311.0,145955.0,157448.0
989.0,948.0,40593.0,1500.0,109931.0,3726.0,0.0,1625.0,158323.0,150524.0,157375.0
954.0,910.0,39261.0,1625.0,108272.0,4643.0,0.0,3875.0,158586.0,147533.0,157676.0
905.0,853.0,36938.0,2250.0,101795.0,11136.0,0.0,5625.0,158597.0,138733.0,157744.0
1034.0,992.0,42000.0,1125.0,110600.0,1462.0,0.0,2500.0,158679.0,152600.0,157687.0
864.0,825.0,35681.0,5500.0,109937.0,5394.0,0.0,1375.0,158712.0,145618.0,157887.0
932.0,883.0,38344.0,4375.0,110585.0,3873.0,0.0,750.0,158810.0,148929.0,157927.0
988.0,946.0,40584.0,1750.0,110441.0,1101.0,0.0,4125.0,158947.0,151025.0,158001.0
633.0,601.0,25641.0,6625.0,83582.0,37738.0,0.0,4875.0,159062.0,109223.0,158461.0
926.0,877.0,38005.0,5500.0,110922.0,2965.0,0.0,1000.0,159269.0,148927.0,158392.0
835.0,797.0,34759.0,6125.0,105720.0,9010.0,0.0,2875.0,159286.0,140479.0,158489.0
830.0,791.0,34473.0,6250.0,104401.0,9506.0,0.0,3875.0,159296.0,138874.0,158505.0
918.0,866.0,37708.0,3875.0,110201.0,5202.0,0.0,1625.0,159477.0,147909.0,158611.0
873.0,827.0,36155.0,4125.0,104019.0,7265.0,0.0,7125.0,159516.0,140174.0,158689.0
993.0,956.0,40631.0,875.0,109675.0,647.0,0.0,6875.0,159659.0,150306.0,158703.0
842.0,805.0,34865.0,7000.0,109980.0,5495.0,0.0,1625.0,159770.0,144845.0,158965.0
840.0,800.0,34901.0,5125.0,102915.0,9327.0,0.0,6750.0,159818.0,137816.0,159018.0
1001.0,970.0,40770.0,750.0,109897.0,5760.0,0.0,1750.0,159897.0,150667.0,158927.0
915.0,863.0,37658.0,2250.0,102777.0,9881.0,0.0,6875.0,160304.0,140435.0,159441.0
878.0,832.0,36303.0,6125.0,110244.0,5678.0,0.0,1125.0,160307.0,146547.0,159475.0
957.0,913.0,39413.0,2125.0,109673.0,4319.0,0.0,3875.0,160318.0,149086.0,159405.0
803.0,760.0,33536.0,5875.0,101932.0,11134.0,0.0,7125.0,160362.0,135468.0,159602.0
1058.0,1016.0,42616.0,1500.0,113137.0,1277.0,0.0,1000.0,160546.0,155753.0,159530.0
1067.0,1028.0,42978.0,1000.0,111692.0,3732.0,0.0,500.0,160930.0,154670.0,159902.0
1002.0,971.0,40770.0,250.0,109952.0,8271.0,0.0,875.0,161089.0,150722.0,160118.0
866.0,825.0,35780.0,5375.0,109909.0,7063.0,0.0,2250.0,161202.0,145689.0,160377.0
917.0,866.0,37707.0,5750.0,110964.0,4701.0,0.0,1250.0,161238.0,148671.0,160372.0
928.0,878.0,38354.0,5375.0,110825.0,3271.0,0.0,2750.0,161453.0,149179.0,160575.0
896.0,846.0,36771.0,5375.0,109803.0,3148.0,0.0,5625.0,161568.0,146574.0,160722.0
946.0,899.0,38759.0,2625.0,109795.0,6202.0,0.0,3375.0,161655.0,148554.0,160756.0
839.0,800.0,36333.0,6125.0,110233.0,1226.0,0.0,7000.0,161717.0,146566.0,160917.0
985.0,943.0,40571.0,375.0,108583.0,7072.0,0.0,4250.0,161794.0,149154.0,160851.0
991.0,952.0,40607.0,500.0,109970.0,3725.0,0.0,6125.0,161879.0,150577.0,160927.0
846.0,807.0,35211.0,7125.0,110035.0,5135.0,0.0,3625.0,161938.0,145246.0,161131.0
996.0,962.0,40719.0,875.0,109835.0,6046.0,0.0,3750.0,162187.0,150554.0,161225.0
872.0,826.0,36135.0,6000.0,109823.0,6626.0,0.0,2875.0,162285.0,145958.0,161459.0
950.0,903.0,39066.0,3375.0,110585.0,4367.0,0.0,4125.0,162421.0,149651.0,161518.0
851.0,813.0,35183.0,7250.0,109991.0,5994.0,0.0,3500.0,162731.0,145174.0,161918.0
902.0,850.0,36891.0,4000.0,108282.0,5657.0,0.0,7250.0,162930.0,145173.0,162080.0
974.0,932.0,40229.0,4000.0,113135.0,1735.0,0.0,3125.0,163156.0,153364.0,162224.0
947.0,899.0,39218.0,3375.0,110632.0,2327.0,146.0,6625.0,163222.0,149996.0,162323.0
998.0,966.0,40718.0,1250.0,109732.0,5312.0,0.0,5250.0,163228.0,150450.0,162262.0
883.0,837.0,36645.0,5000.0,109902.0,9283.0,0.0,1750.0,163417.0,146547.0,162580.0
937.0,886.0,38492.0,2875.0,109825.0,6353.0,0.0,5125.0,163556.0,148317.0,162670.0
965.0,927.0,39807.0,875.0,105449.0,11268.0,0.0,5250.0,163576.0,145256.0,162649.0
1008.0,973.0,41007.0,1375.0,110602.0,6576.0,0.0,3125.0,163658.0,151609.0,162685.0
1043.0,998.0,42259.0,500.0,110752.0,4527.0,0.0,4625.0,163661.0,153011.0,162663.0
960.0,919.0,39612.0,1375.0,108654.0,8115.0,0.0,5000.0,163675.0,148266.0,162756.0
963.0,923.0,39703.0,3375.0,110648.0,3727.0,0.0,5875.0,164251.0,150351.0,163328.0
914.0,862.0,37645.0,4750.0,110024.0,6236.0,0.0,5125.0,164642.0,147669.0,163780.0
1003.0,971.0,40770.0,875.0,109947.0,5205.0,0.0,7000.0,164768.0,150717.0,163797.0
888.0,840.0,36611.0,5500.0,109833.0,7858.0,0.0,4250.0,164892.0,146444.0,164052.0
951.0,904.0,39103.0,5375.0,112941.0,5039.0,0.0,1625.0,164987.0,152044.0,164083.0
977.0,933.0,40312.0,1000.0,109784.0,12057.0,0.0,1000.0,165086.0,150096.0,164153.0
986.0,944.0,40570.0,3500.0,112530.0,5591.0,0.0,2125.0,165260.0,153100.0,164316.0
869.0,825.0,35915.0,5000.0,108116.0,11061.0,0.0,4375.0,165292.0,144031.0,164467.0
1016.0,980.0,41471.0,1250.0,110690.0,4209.0,0.0,6750.0,165350.0,152161.0,164370.0
886.0,838.0,36567.0,5500.0,109749.0,7680.0,0.0,5250.0,165584.0,146316.0,164746.0
1076.0,1038.0,43481.0,625.0,113136.0,6246.0,0.0,1125.0,165651.0,156617.0,164613.0
982.0,939.0,40482.0,2875.0,110963.0,7217.0,0.0,3250.0,165726.0,151445.0,164787.0
897.0,846.0,37865.0,7125.0,114526.0,3402.0,0.0,2125.0,165889.0,152391.0,165043.0
1031.0,988.0,41953.0,500.0,110656.0,7708.0,0.0,4250.0,166055.0,152609.0,165067.0
980.0,936.0,40373.0,375.0,107002.0,12656.0,0.0,4750.0,166092.0,147375.0,165156.0
975.0,932.0,40229.0,1500.0,109973.0,9737.0,0.0,3875.0,166246.0,150202.0,165314.0
1049.0,1006.0,42275.0,875.0,110565.0,5979.0,0.0,5625.0,166325.0,152840.0,165319.0
1056.0,1013.0,42589.0,750.0,110943.0,7090.0,0.0,4250.0,166635.0,153532.0,165622.0
1065.0,1024.0,42953.0,1750.0,114607.0,4329.0,0.0,2000.0,166663.0,157560.0,165639.0
1060.0,1018.0,42666.0,500.0,110543.0,5706.0,0.0,6250.0,166683.0,153209.0,165665.0
948.0,899.0,38772.0,1750.0,104157.0,16359.0,0.0,4750.0,166687.0,142929.0,165788.0
929.0,880.0,38248.0,5500.0,111052.0,7281.0,0.0,3750.0,166711.0,149300.0,165831.0
1084.0,1047.0,43724.0,375.0,113149.0,4862.0,0.0,3625.0,166782.0,156873.0,165735.0
887.0,839.0,36609.0,6750.0,110714.0,9247.0,0.0,2625.0,166784.0,147323.0,165945.0
901.0,849.0,36878.0,6250.0,110656.0,5332.0,0.0,6875.0,166840.0,147534.0,165991.0
868.0,825.0,35843.0,6750.0,110589.0,10251.0,0.0,2625.0,166883.0,146432.0,166058.0
900.0,847.0,36845.0,6750.0,110876.0,5748.0,0.0,6000.0,167066.0,147721.0,166219.0
1046.0,1002.0,42258.0,1750.0,111801.0,9678.0,0.0,1000.0,167489.0,154059.0,166487.0
958.0,915.0,39422.0,4500.0,111574.0,3844.0,0.0,7375.0,167630.0,150996.0,166715.0
1011.0,976.0,41083.0,4125.0,114733.0,2568.0,0.0,4375.0,167860.0,155816.0,166884.0
806.0,764.0,33532.0,2250.0,94447.0,36420.0,0.0,500.0,167913.0,127979.0,167149.0
1032.0,992.0,41959.0,3250.0,114865.0,2767.0,0.0,4250.0,168083.0,156824.0,167091.0
999.0,968.0,40762.0,1375.0,109867.0,8170.0,0.0,7000.0,168142.0,150629.0,167174.0
1019.0,982.0,41608.0,4250.0,116317.0,491.0,0.0,4625.0,168273.0,157925.0,167291.0
645.0,611.0,34979.0,7000.0,109969.0,11132.0,0.0,4625.0,168316.0,144948.0,167705.0
1047.0,1004.0,42277.0,500.0,110828.0,9624.0,0.0,4125.0,168358.0,153105.0,167354.0
913.0,861.0,37576.0,5250.0,110669.0,8871.0,0.0,5375.0,168602.0,148245.0,167741.0
920.0,869.0,37725.0,6500.0,112758.0,5841.0,0.0,5000.0,168693.0,150483.0,167824.0
933.0,884.0,38430.0,6375.0,114525.0,6241.0,0.0,2250.0,168705.0,152955.0,167821.0
1036.0,994.0,42025.0,1500.0,110859.0,7998.0,0.0,5375.0,168751.0,152884.0,167757.0
1039.0,997.0,42131.0,2500.0,114403.0,7749.0,0.0,1125.0,168905.0,156534.0,167908.0
961.0,920.0,39611.0,2750.0,110620.0,11608.0,0.0,3750.0,169259.0,150231.0,168339.0
911.0,857.0,37495.0,6875.0,113084.0,10875.0,0.0,125.0,169311.0,150579.0,168454.0
943.0,893.0,38551.0,6250.0,114561.0,8871.0,60.0,500.0,169686.0,153172.0,168793.0
930.0,881.0,38251.0,4500.0,110609.0,8835.0,0.0,6625.0,169701.0,148860.0,168820.0
978.0,934.0,40337.0,3500.0,111172.0,11572.0,0.0,2250.0,169765.0,151509.0,168831.0
925.0,876.0,37856.0,3125.0,110028.0,12843.0,0.0,5125.0,169853.0,147884.0,168977.0
972.0,930.0,40136.0,1875.0,109725.0,11374.0,0.0,5875.0,169915.0,149861.0,168985.0
1028.0,988.0,41946.0,750.0,110620.0,11902.0,0.0,3750.0,169956.0,152566.0,168968.0
981.0,938.0,40524.0,5000.0,115909.0,7468.0,0.0,250.0,170089.0,156433.0,169151.0
1063.0,1020.0,42887.0,3625.0,117110.0,1707.0,0.0,3750.0,170099.0,159997.0,169079.0
1042.0,998.0,42248.0,1875.0,113024.0,5137.0,0.0,6875.0,170157.0,155272.0,169159.0
970.0,929.0,39964.0,5625.0,116213.0,5944.0,0.0,1625.0,170300.0,156177.0,169371.0
1007.0,973.0,40933.0,3125.0,112737.0,6164.0,0.0,6375.0,170307.0,153670.0,169334.0
971.0,929.0,40019.0,6250.0,116961.0,5987.0,0.0,250.0,170396.0,156980.0,169467.0
1012.0,978.0,41267.0,875.0,109948.0,11847.0,0.0,5500.0,170415.0,151215.0,169437.0
987.0,944.0,40597.0,4000.0,114447.0,6345.0,0.0,4125.0,170458.0,155044.0,169514.0
939.0,888.0,38770.0,5125.0,111300.0,8267.0,0.0,6250.0,170600.0,150070.0,169712.0
1133.0,1096.0,46162.0,125.0,116875.0,6338.0,0.0,125.0,170721.0,163037.0,169625.0
884.0,837.0,36486.0,6875.0,110624.0,11495.0,0.0,4625.0,170942.0,147110.0,170105.0
924.0,874.0,38032.0,6500.0,112970.0,9220.0,0.0,3375.0,170971.0,151002.0,170097.0
1010.0,976.0,41030.0,2000.0,110705.0,13853.0,0.0,2625.0,171189.0,151735.0,170213.0
1097.0,1057.0,44075.0,1000.0,114568.0,7858.0,6.0,2625.0,171189.0,158649.0,170132.0
956.0,911.0,39395.0,6000.0,115349.0,5287.0,0.0,4375.0,171317.0,154744.0,170406.0
910.0,857.0,37397.0,5375.0,110597.0,10002.0,0.0,7125.0,171353.0,147994.0,170496.0
964.0,924.0,39742.0,5625.0,115277.0,5324.0,0.0,4500.0,171392.0,155019.0,170468.0
1041.0,998.0,42157.0,4000.0,116777.0,6673.0,0.0,1000.0,171605.0,158934.0,170607.0
1096.0,1056.0,44065.0,1750.0,116351.0,7757.0,159.0,625.0,171763.0,160575.0,170707.0
1075.0,1035.0,43407.0,250.0,111062.0,9260.0,0.0,6875.0,171889.0,154469.0,170854.0
955.0,910.0,39574.0,5375.0,114571.0,5007.0,147.0,6375.0,171959.0,154292.0,171049.0
997.0,964.0,40766.0,6625.0,117994.0,1189.0,820.0,3625.0,171983.0,159580.0,171019.0
1061.0,1019.0,42668.0,2375.0,114580.0,7563.0,111.0,3750.0,172066.0,157359.0,171047.0
1156.0,1110.0,47327.0,375.0,117972.0,5139.0,0.0,375.0,172298.0,165299.0,171188.0
1085.0,1047.0,43736.0,2375.0,116928.0,5040.0,0.0,3250.0,172376.0,160664.0,171329.0
969.0,929.0,39954.0,4000.0,111560.0,14209.0,0.0,2000.0,172652.0,151514.0,171723.0
1122.0,1089.0,45373.0,2500.0,118104.0,5493.0,0.0,250.0,172809.0,163477.0,171720.0
1000.0,969.0,40771.0,6000.0,117152.0,1675.0,0.0,6250.0,172817.0,157923.0,171848.0
1017.0,980.0,41497.0,6375.0,117988.0,5373.0,0.0,750.0,172963.0,159485.0,171983.0
1064.0,1021.0,42915.0,7250.0,119466.0,855.0,0.0,1500.0,173007.0,162381.0,171986.0
1057.0,1013.0,42616.0,5000.0,118058.0,4451.0,0.0,1875.0,173013.0,160674.0,172000.0
1183.0,1134.0,48608.0,1875.0,119700.0,716.0,0.0,1125.0,173158.0,168308.0,172024.0
976.0,933.0,40338.0,6250.0,117005.0,6868.0,291.0,1500.0,173185.0,157634.0,172252.0
1079.0,1041.0,43521.0,1625.0,114743.0,7375.0,297.0,4625.0,173227.0,158561.0,172186.0
1100.0,1060.0,44167.0,1000.0,115115.0,5029.0,0.0,6875.0,173246.0,159282.0,172186.0
1023.0,986.0,41675.0,2500.0,113143.0,9743.0,95.0,5125.0,173267.0,154913.0,172281.0
1135.0,1096.0,46425.0,875.0,118059.0,846.0,112.0,5875.0,173288.0,164596.0,172192.0
1044.0,999.0,42261.0,4875.0,117374.0,7750.0,0.0,125.0,173384.0,159635.0,172385.0
966.0,927.0,39844.0,4750.0,113889.0,8483.0,800.0,4750.0,173443.0,154533.0,172516.0
1166.0,1119.0,47988.0,250.0,118536.0,1384.0,562.0,3750.0,173589.0,167086.0,172470.0
908.0,857.0,37229.0,6750.0,111343.0,14070.0,0.0,3625.0,173874.0,148572.0,173017.0
1009.0,975.0,41009.0,5125.0,116724.0,7832.0,0.0,2375.0,174040.0,157733.0,173065.0
983.0,941.0,42101.0,6000.0,118447.0,1340.0,76.0,5250.0,174155.0,160624.0,173214.0
907.0,857.0,37080.0,6625.0,110859.0,14955.0,0.0,4250.0,174626.0,147939.0,173769.0
1030.0,988.0,42004.0,6750.0,118860.0,5775.0,0.0,500.0,174877.0,160864.0,173889.0
1005.0,971.0,40816.0,4750.0,116598.0,8846.0,0.0,3000.0,174981.0,157414.0,174010.0
1128.0,1093.0,46016.0,1625.0,118048.0,5781.0,68.0,2375.0,175006.0,164132.0,173913.0
1087.0,1048.0,43788.0,2375.0,117022.0,9244.0,0.0,1625.0,175102.0,160810.0,174054.0
859.0,821.0,40488.0,7375.0,118027.0,1145.0,895.0,6375.0,175126.0,159410.0,174305.0
1020.0,983.0,41687.0,5375.0,117305.0,4161.0,404.0,5250.0,175165.0,159396.0,174182.0
1066.0,1025.0,42976.0,5500.0,118772.0,3898.0,0.0,3000.0,175171.0,161748.0,174146.0
1083.0,1046.0,43707.0,3625.0,117993.0,8400.0,0.0,625.0,175396.0,161700.0,174350.0
1048.0,1006.0,42274.0,3000.0,115173.0,12116.0,0.0,2125.0,175694.0,157447.0,174688.0
1006.0,973.0,40884.0,7125.0,118431.0,7686.0,0.0,625.0,175724.0,159315.0,174751.0
1013.0,979.0,41274.0,2500.0,111118.0,17104.0,32.0,2750.0,175757.0,152424.0,174778.0
1092.0,1051.0,43980.0,1500.0,116545.0,9062.0,0.0,3625.0,175763.0,160525.0,174712.0
1098.0,1057.0,44104.0,4750.0,119366.0,5873.0,0.0,750.0,175900.0,163470.0,174843.0
1059.0,1018.0,42669.0,6000.0,118871.0,3127.0,238.0,4250.0,176173.0,161778.0,175155.0
1052.0,1010.0,42408.0,6000.0,118724.0,7360.0,0.0,750.0,176252.0,161132.0,175242.0
1014.0,980.0,41401.0,4000.0,115286.0,14020.0,0.0,625.0,176312.0,156687.0,175332.0
1164.0,1116.0,47926.0,125.0,118613.0,3053.0,109.0,5500.0,176442.0,166648.0,175326.0
1069.0,1029.0,43182.0,2750.0,116266.0,11450.0,0.0,1875.0,176552.0,159448.0,175523.0
1055.0,1012.0,42549.0,5375.0,117956.0,3694.0,10.0,6250.0,176846.0,160515.0,175834.0
1169.0,1120.0,48023.0,250.0,118654.0,4634.0,136.0,4125.0,176942.0,166813.0,175822.0
1102.0,1061.0,44345.0,2375.0,117134.0,10008.0,0.0,2250.0,177173.0,161479.0,176112.0
1073.0,1031.0,43292.0,5250.0,118732.0,7403.0,0.0,1500.0,177208.0,162024.0,176177.0
1038.0,997.0,42260.0,7000.0,119658.0,7124.0,0.0,250.0,177289.0,161918.0,176292.0
1053.0,1011.0,42430.0,2000.0,113234.0,10241.0,1391.0,7000.0,177307.0,157055.0,176296.0
1106.0,1064.0,44457.0,2500.0,117271.0,9001.0,0.0,3125.0,177418.0,161728.0,176354.0
1015.0,980.0,41469.0,5000.0,116901.0,6034.0,74.0,7000.0,177458.0,158444.0,176478.0
1117.0,1077.0,45124.0,1000.0,117027.0,11126.0,0.0,2125.0,177479.0,162151.0,176402.0
1086.0,1047.0,43789.0,4125.0,117981.0,6000.0,181.0,4375.0,177498.0,161951.0,176451.0
1035.0,992.0,42027.0,7000.0,119820.0,7009.0,0.0,750.0,177598.0,161847.0,176606.0
1080.0,1043.0,43740.0,5000.0,119343.0,6612.0,0.0,2250.0,177988.0,163083.0,176945.0
1171.0,1123.0,48033.0,750.0,119353.0,6384.0,0.0,2375.0,178018.0,167386.0,176895.0
1033.0,992.0,41969.0,5125.0,117351.0,10261.0,0.0,2375.0,178073.0,159320.0,177081.0
968.0,927.0,39944.0,5125.0,114550.0,10696.0,111.0,6750.0,178103.0,154605.0,177176.0
1157.0,1110.0,47519.0,4125.0,120492.0,2496.0,0.0,2375.0,178117.0,168011.0,177007.0
1024.0,986.0,41684.0,2625.0,113018.0,18213.0,0.0,1625.0,178151.0,154702.0,177165.0
1088.0,1049.0,44045.0,6000.0,119506.0,6485.0,0.0,1125.0,178210.0,163551.0,177161.0
1104.0,1062.0,44372.0,3000.0,118201.0,9642.0,0.0,2000.0,178277.0,162573.0,177215.0
1111.0,1070.0,44766.0,3875.0,118853.0,5506.0,0.0,4500.0,178570.0,163619.0,177500.0
1051.0,1010.0,42334.0,2625.0,114464.0,11493.0,57.0,6750.0,178733.0,156855.0,177723.0
1142.0,1101.0,46680.0,375.0,118161.0,7690.0,0.0,4750.0,178757.0,164841.0,177656.0
1110.0,1068.0,44659.0,1250.0,116716.0,10315.0,0.0,4750.0,178758.0,161375.0,177690.0
1170.0,1120.0,48036.0,250.0,118677.0,7315.0,0.0,3375.0,178773.0,166713.0,177653.0
1154.0,1108.0,47313.0,2250.0,119744.0,4950.0,0.0,3875.0,179240.0,167057.0,178132.0
1093.0,1052.0,44042.0,875.0,114564.0,13076.0,0.0,5750.0,179359.0,158606.0,178307.0
1026.0,988.0,41895.0,1375.0,110928.0,17465.0,595.0,6125.0,179371.0,153418.0,178383.0
1072.0,1030.0,43352.0,6125.0,119639.0,9191.0,0.0,125.0,179462.0,162991.0,178432.0
962.0,920.0,40187.0,6875.0,117278.0,7371.0,1524.0,5375.0,179530.0,158989.0,178610.0
1094.0,1052.0,44109.0,3250.0,118078.0,8631.0,51.0,4375.0,179546.0,162238.0,178494.0
1091.0,1050.0,43964.0,3250.0,118069.0,12803.0,0.0,625.0,179761.0,162033.0,178711.0
1134.0,1096.0,46353.0,4000.0,119689.0,1985.0,165.0,6500.0,179788.0,166207.0,178692.0
1137.0,1098.0,46478.0,6000.0,120013.0,5033.0,0.0,1250.0,179872.0,166491.0,178774.0
1105.0,1062.0,44379.0,4375.0,119370.0,7371.0,0.0,3500.0,180057.0,163749.0,178995.0
1136.0,1097.0,46435.0,3000.0,119717.0,9780.0,0.0,125.0,180154.0,166152.0,179057.0
1103.0,1062.0,44371.0,5375.0,119650.0,5245.0,0.0,4500.0,180203.0,164021.0,179141.0
1158.0,1110.0,47574.0,3875.0,120258.0,2420.0,117.0,5250.0,180604.0,167949.0,179494.0
1160.0,1115.0,47801.0,3000.0,119973.0,5617.0,0.0,3125.0,180631.0,167774.0,179516.0
1155.0,1110.0,47324.0,5250.0,120993.0,1855.0,100.0,4125.0,180757.0,168417.0,179647.0
994.0,958.0,40723.0,6000.0,117087.0,11369.0,0.0,4625.0,180762.0,157810.0,179804.0
1185.0,1135.0,48648.0,3625.0,120161.0,6710.0,0.0,500.0,180779.0,168809.0,179644.0
1045.0,1000.0,42258.0,7375.0,119743.0,6541.0,0.0,4000.0,180917.0,162001.0,179917.0
1029.0,988.0,41946.0,2500.0,113166.0,20827.0,0.0,1500.0,180927.0,155112.0,179939.0
1112.0,1070.0,44789.0,7375.0,120054.0,4026.0,104.0,3750.0,181168.0,164947.0,180098.0
1021.0,984.0,41616.0,2500.0,112878.0,19600.0,0.0,3625.0,181203.0,154494.0,180219.0
1159.0,1114.0,47738.0,5125.0,121143.0,5969.0,0.0,125.0,181214.0,168881.0,180100.0
1179.0,1131.0,48442.0,2750.0,120328.0,8279.0,0.0,375.0,181305.0,168770.0,180174.0
1054.0,1011.0,42481.0,5750.0,118614.0,7002.0,540.0,6000.0,181398.0,161635.0,180387.0
1115.0,1072.0,45112.0,4375.0,119741.0,7682.0,6.0,3500.0,181488.0,164859.0,180416.0
1127.0,1093.0,45937.0,5750.0,120479.0,7370.0,0.0,875.0,181504.0,166416.0,180411.0
1037.0,995.0,43203.0,6875.0,119523.0,5372.0,169.0,5375.0,181512.0,162895.0,180517.0
1081.0,1044.0,43563.0,4500.0,118408.0,8496.0,0.0,5625.0,181636.0,161971.0,180592.0
1004.0,971.0,41619.0,6375.0,118336.0,9156.0,0.0,5250.0,181707.0,159955.0,180736.0
1118.0,1078.0,45202.0,4250.0,119627.0,7495.0,0.0,4125.0,181777.0,164829.0,180699.0
1163.0,1116.0,47866.0,2750.0,119660.0,6046.0,0.0,4375.0,181813.0,167526.0,180697.0
1068.0,1029.0,43169.0,7250.0,119531.0,7305.0,286.0,3250.0,181820.0,162986.0,180791.0
990.0,952.0,40634.0,5125.0,116445.0,7577.0,5030.0,6250.0,182013.0,162109.0,181061.0
1124.0,1092.0,45426.0,3500.0,119747.0,10387.0,0.0,1875.0,182027.0,165173.0,180935.0
1082.0,1045.0,43583.0,6000.0,119679.0,6369.0,170.0,5375.0,182221.0,163432.0,181176.0
1130.0,1095.0,46103.0,5000.0,119973.0,8963.0,0.0,1125.0,182259.0,166076.0,181164.0
1107.0,1064.0,44477.0,3375.0,117967.0,11758.0,0.0,3750.0,182391.0,162444.0,181327.0
1070.0,1029.0,43182.0,3375.0,117142.0,11326.0,223.0,6125.0,182402.0,160547.0,181373.0
1078.0,1040.0,43522.0,3875.0,118246.0,10118.0,0.0,5625.0,182426.0,161768.0,181386.0
1050.0,1007.0,42622.0,6000.0,118729.0,4992.0,2344.0,6750.0,182444.0,163695.0,181437.0
1074.0,1032.0,43410.0,7250.0,119661.0,6779.0,0.0,4375.0,182507.0,163071.0,181475.0
1181.0,1132.0,48555.0,7250.0,121633.0,3554.0,0.0,500.0,182624.0,170188.0,181492.0
1077.0,1038.0,43444.0,5500.0,119719.0,11631.0,0.0,1375.0,182707.0,163163.0,181669.0
1153.0,1105.0,47306.0,5875.0,120879.0,3622.0,172.0,3750.0,182709.0,168357.0,181604.0
1176.0,1128.0,48198.0,5875.0,122278.0,5034.0,0.0,375.0,182888.0,170476.0,181760.0
1131.0,1095.0,46106.0,2125.0,118534.0,11590.0,0.0,3500.0,182950.0,164640.0,181855.0
1018.0,982.0,41500.0,5375.0,117130.0,11502.0,0.0,6625.0,183114.0,158630.0,182132.0
1089.0,1050.0,43787.0,4750.0,118729.0,7996.0,130.0,6750.0,183192.0,162646.0,182142.0
967.0,927.0,39899.0,6750.0,117087.0,13084.0,0.0,5625.0,183372.0,156986.0,182445.0
1095.0,1052.0,44048.0,6750.0,119544.0,5703.0,210.0,6250.0,183557.0,163802.0,182505.0
1151.0,1103.0,47252.0,6625.0,122334.0,5137.0,0.0,1125.0,183576.0,169586.0,182473.0
542.0,514.0,50017.0,7375.0,120867.0,2211.0,0.0,2750.0,183734.0,170884.0,183220.0
1152.0,1105.0,47273.0,3125.0,119686.0,730.0,4607.0,7250.0,183776.0,171566.0,182671.0
1147.0,1101.0,46944.0,3875.0,120003.0,9019.0,0.0,2875.0,183817.0,166947.0,182716.0
1174.0,1125.0,48042.0,1250.0,119682.0,6533.0,310.0,7000.0,183942.0,168034.0,182817.0
1146.0,1101.0,46920.0,1750.0,119145.0,11819.0,0.0,3250.0,183985.0,166065.0,182884.0
1168.0,1120.0,48023.0,2000.0,119462.0,6797.0,96.0,6750.0,184248.0,167581.0,183128.0
1101.0,1060.0,44322.0,7250.0,120595.0,10667.0,0.0,375.0,184269.0,164917.0,183209.0
1129.0,1093.0,46062.0,3125.0,119676.0,12951.0,0.0,1375.0,184282.0,165738.0,183189.0
1145.0,1101.0,46881.0,6500.0,121260.0,7385.0,0.0,1500.0,184627.0,168141.0,183526.0
1148.0,1102.0,46984.0,6500.0,121946.0,7113.0,0.0,1250.0,184895.0,168930.0,183793.0
1172.0,1124.0,48618.0,5750.0,122147.0,6069.0,0.0,1375.0,185083.0,170765.0,183959.0
1090.0,1050.0,43833.0,6375.0,119475.0,13190.0,0.0,1250.0,185173.0,163308.0,184123.0
1108.0,1065.0,44563.0,6500.0,119831.0,10245.0,0.0,3000.0,185204.0,164394.0,184139.0
1165.0,1118.0,47924.0,3000.0,119884.0,8087.0,0.0,5250.0,185263.0,167808.0,184145.0
1162.0,1115.0,47850.0,6375.0,122238.0,1593.0,0.0,6125.0,185296.0,170088.0,184181.0
1071.0,1029.0,43267.0,4125.0,118146.0,14952.0,0.0,3875.0,185394.0,161413.0,184365.0
1123.0,1091.0,45414.0,5625.0,120008.0,5501.0,1788.0,6000.0,185427.0,167210.0,184336.0
1025.0,986.0,41919.0,4125.0,116734.0,18306.0,0.0,3375.0,185445.0,158653.0,184459.0
1167.0,1120.0,47987.0,3500.0,120368.0,8251.0,0.0,4375.0,185601.0,168355.0,184481.0
1114.0,1072.0,44990.0,1875.0,117077.0,13945.0,400.0,6250.0,185609.0,162467.0,184537.0
1040.0,998.0,42145.0,6000.0,118487.0,11247.0,494.0,6625.0,185996.0,161126.0,184998.0
1062.0,1019.0,49238.0,7250.0,121226.0,5265.0,0.0,2000.0,185998.0,170464.0,184979.0
1109.0,1066.0,47916.0,7250.0,121885.0,7382.0,0.0,875.0,186374.0,169801.0,185308.0
1140.0,1100.0,46600.0,2375.0,119778.0,9787.0,0.0,6750.0,186390.0,166378.0,185290.0
1141.0,1101.0,46639.0,7000.0,122345.0,7370.0,0.0,2000.0,186455.0,168984.0,185354.0
952.0,905.0,39266.0,6250.0,115296.0,5999.0,11814.0,7125.0,186655.0,166376.0,185750.0
1119.0,1083.0,45208.0,6750.0,120226.0,9129.0,0.0,4500.0,186896.0,165434.0,185813.0
621.0,593.0,25030.0,1000.0,159094.0,1110.0,0.0,500.0,187327.0,184124.0,186734.0
1113.0,1071.0,44925.0,5375.0,119462.0,10446.0,0.0,6250.0,187529.0,164387.0,186458.0
1121.0,1086.0,45335.0,5875.0,120267.0,9873.0,0.0,5125.0,187561.0,165602.0,186475.0
1125.0,1093.0,45618.0,7000.0,121060.0,7280.0,0.0,5625.0,187676.0,166678.0,186583.0
1178.0,1131.0,48370.0,5250.0,122346.0,4176.0,0.0,6500.0,187773.0,170716.0,186642.0
1132.0,1095.0,46116.0,4000.0,119510.0,12452.0,0.0,4625.0,187798.0,165626.0,186703.0
1175.0,1125.0,48117.0,2375.0,119625.0,10136.0,0.0,6500.0,187878.0,167742.0,186753.0
135.0,120.0,50688.0,7375.0,120776.0,8032.0,0.0,1125.0,188116.0,171464.0,187996.0
1143.0,1101.0,46756.0,6375.0,120894.0,11940.0,0.0,1125.0,188191.0,167650.0,187090.0
369.0,335.0,50298.0,7375.0,120869.0,7500.0,0.0,1875.0,188252.0,171167.0,187917.0
1116.0,1074.0,45113.0,4750.0,119649.0,10684.0,0.0,7000.0,188270.0,164762.0,187196.0
1022.0,985.0,41648.0,4625.0,116993.0,20581.0,0.0,3750.0,188582.0,158641.0,187597.0
1180.0,1131.0,48498.0,5500.0,122273.0,6603.0,0.0,4875.0,188880.0,170771.0,187749.0
630.0,600.0,49680.0,7250.0,121227.0,10007.0,0.0,500.0,189264.0,170907.0,188664.0
1149.0,1102.0,47033.0,5750.0,121214.0,11073.0,0.0,3500.0,189672.0,168247.0,188570.0
1182.0,1133.0,48578.0,5125.0,122337.0,7229.0,0.0,5625.0,190027.0,170915.0,188894.0
1184.0,1134.0,48682.0,6625.0,121843.0,4595.0,0.0,7250.0,190129.0,170525.0,188995.0
1139.0,1099.0,46582.0,1750.0,118774.0,19537.0,0.0,2500.0,190242.0,165356.0,189143.0
469.0,437.0,18831.0,5750.0,158627.0,2468.0,0.0,4250.0,190363.0,177458.0,189926.0
1120.0,1084.0,45222.0,7000.0,120171.0,11010.0,0.0,6000.0,190487.0,165393.0,189403.0
1126.0,1093.0,45778.0,6875.0,121177.0,9644.0,0.0,6000.0,190567.0,166955.0,189474.0
572.0,535.0,49934.0,7375.0,120914.0,6416.0,0.0,6250.0,191424.0,170848.0,190889.0
1144.0,1101.0,46836.0,5875.0,121194.0,12443.0,0.0,4000.0,191449.0,168030.0,190348.0
1161.0,1115.0,47821.0,6750.0,122417.0,8155.0,0.0,5750.0,192008.0,170238.0,190893.0
453.0,420.0,50208.0,7375.0,120784.0,8408.0,0.0,5000.0,192195.0,170992.0,191775.0
1177.0,1129.0,48890.0,7125.0,121497.0,6965.0,0.0,6875.0,192481.0,170387.0,191352.0
1173.0,1124.0,48294.0,5750.0,122290.0,9358.0,0.0,5750.0,192566.0,170584.0,191442.0
1027.0,988.0,41917.0,250.0,137580.0,4982.0,0.0,7125.0,192842.0,179497.0,191854.0
139.0,121.0,45573.0,6750.0,120237.0,15877.0,0.0,5875.0,194433.0,165810.0,194312.0
1099.0,1057.0,48086.0,7125.0,122009.0,11998.0,0.0,5375.0,195650.0,170095.0,194593.0
434.0,398.0,17390.0,6625.0,162414.0,8937.0,0.0,5625.0,201389.0,179804.0,200991.0
436.0,399.0,17600.0,250.0,177515.0,6598.0,0.0,3375.0,205737.0,195115.0,205338.0
438.0,400.0,17616.0,3500.0,180846.0,5608.0,0.0,2375.0,210345.0,198462.0,209945.0
1150.0,1102.0,47054.0,1000.0,118560.0,44638.0,0.0,750.0,213104.0,165614.0,212002.0
944.0,895.0,38610.0,7000.0,115971.0,45737.0,0.0,6000.0,214213.0,154581.0,213318.0
1138.0,1099.0,46487.0,6000.0,121040.0,39005.0,0.0,3250.0,216881.0,167527.0,215782.0
435.0,399.0,17462.0,1125.0,188984.0,7092.0,0.0,4750.0,219812.0,206446.0,219413.0
437.0,400.0,17608.0,250.0,200578.0,1484.0,0.0,4750.0,225070.0,218186.0,224670.0
439.0,400.0,17616.0,1625.0,195421.0,3774.0,0.0,6750.0,225586.0,213037.0,225186.0
445.0,410.0,18087.0,6250.0,58885.0,231295.0,0.0,5375.0,320302.0,76972.0,319892.0
