time,cpu,bb
1.0,0.0068266666666666476,0.010750000000000037
2.0,0.020480000000000054,0.034499999999999975
3.0,0.047786666666666644,0.04600000000000004
5.0,0.05461333333333329,0.04749999999999999
6.0,0.055466666666666664,0.06074999999999997
7.0,0.11007999999999996,0.06974999999999998
8.0,0.11093333333333333,0.08150000000000002
9.0,0.1117866666666667,0.09075
10.0,0.11263999999999996,0.10075
12.0,0.11946666666666672,0.11099999999999999
13.0,0.13312000000000002,0.132
14.0,0.14762666666666668,0.16774999999999995
15.0,0.15266666666666662,0.1985
16.0,0.20728000000000002,0.21125000000000005
17.0,0.20813333333333328,0.22599999999999998
18.0,0.2627466666666667,0.23575000000000002
22.0,0.2900533333333334,0.27949999999999997
23.0,0.29688000000000003,0.2935
24.0,0.3037066666666667,0.3045
27.0,0.3139466666666667,0.3215
31.0,0.3276,0.34325000000000006
32.0,0.3549066666666667,0.386
33.0,0.36173333333333335,0.39425
36.0,0.3719733333333334,0.41525
37.0,0.3788,0.4395
38.0,0.3822133333333333,0.44875
41.0,0.38904000000000005,0.47550000000000003
42.0,0.40269333333333335,0.50925
44.0,0.40952,0.5177499999999999
47.0,0.41634666666666664,0.5325
48.0,0.4231733333333333,0.53925
49.0,0.42402666666666666,0.54725
50.0,0.42735999999999996,0.55725
51.0,0.4316266666666667,0.5725
54.0,0.43504,0.5860000000000001
55.0,0.43845333333333336,0.596
56.0,0.44528,0.61075
58.0,0.4486933333333334,0.61625
59.0,0.45552000000000004,0.6335
61.0,0.4589333333333333,0.6415
63.0,0.4623466666666667,0.65125
65.0,0.46575999999999995,0.66125
66.0,0.46917333333333333,0.6759999999999999
67.0,0.4725866666666667,0.688
69.0,0.47941333333333336,0.71425
71.0,0.4828266666666666,0.7242500000000001
72.0,0.4896533333333334,0.7475
73.0,0.5024533333333333,0.79175
74.0,0.50928,0.80575
76.0,0.5161066666666667,0.8095
78.0,0.5254933333333334,0.84775
79.0,0.5459733333333333,0.886
80.0,0.57328,0.8995
81.0,0.5749866666666666,0.92325
82.0,0.57584,0.927
83.0,0.5775466666666667,0.9485
84.0,0.5784,0.9535
85.0,0.5801066666666667,0.975
87.0,0.5843733333333334,0.99675
88.0,0.5843733333333334,0.99675
90.0,0.5843733333333334,0.99675
92.0,0.5843733333333334,0.99675
95.0,0.5843733333333334,0.99675
96.0,0.5843733333333334,0.99675
97.0,0.5843733333333334,0.99675
98.0,0.5843733333333334,0.99675
100.0,0.5843733333333334,0.99675
102.0,0.5843733333333334,0.99675
103.0,0.5843733333333334,0.99675
104.0,0.5843733333333334,0.99675
107.0,0.5843733333333334,0.99675
109.0,0.5843733333333334,0.99675
110.0,0.5843733333333334,0.99675
113.0,0.5843733333333334,0.99675
114.0,0.5843733333333334,0.99675
115.0,0.5843733333333334,0.99675
118.0,0.5843733333333334,0.99675
119.0,0.5843733333333334,0.99675
120.0,0.5843733333333334,0.99675
121.0,0.5843733333333334,0.99675
122.0,0.5843733333333334,0.99675
123.0,0.5843733333333334,0.99675
125.0,0.5843733333333334,0.99675
126.0,0.5843733333333334,0.99675
127.0,0.5843733333333334,0.99675
128.0,0.5843733333333334,0.99675
129.0,0.5843733333333334,0.99675
130.0,0.5843733333333334,0.99675
131.0,0.5843733333333334,0.99675
133.0,0.5843733333333334,0.99675
135.0,0.5843733333333334,0.99675
137.0,0.5843733333333334,0.99675
138.0,0.5843733333333334,0.99675
139.0,0.5843733333333334,0.99675
140.0,0.5843733333333334,0.99675
141.0,0.5843733333333334,0.99675
143.0,0.5843733333333334,0.99675
144.0,0.5843733333333334,0.99675
148.0,0.5843733333333334,0.99675
149.0,0.5843733333333334,0.99675
150.0,0.5843733333333334,0.99675
151.0,0.5843733333333334,0.99675
152.0,0.5843733333333334,0.99675
154.0,0.5843733333333334,0.99675
155.0,0.5843733333333334,0.99675
157.0,0.5843733333333334,0.99675
160.0,0.5843733333333334,0.99675
161.0,0.5843733333333334,0.99675
162.0,0.5843733333333334,0.99675
164.0,0.5843733333333334,0.99675
165.0,0.5843733333333334,0.99675
166.0,0.5843733333333334,0.99675
170.0,0.5843733333333334,0.99675
171.0,0.5843733333333334,0.99675
172.0,0.5843733333333334,0.99675
173.0,0.5843733333333334,0.99675
174.0,0.5843733333333334,0.99675
175.0,0.5843733333333334,0.99675
176.0,0.5843733333333334,0.99675
177.0,0.5843733333333334,0.99675
178.0,0.5843733333333334,0.99675
180.0,0.5843733333333334,0.99675
181.0,0.5843733333333334,0.99675
182.0,0.5843733333333334,0.99675
185.0,0.5843733333333334,0.99675
186.0,0.5843733333333334,0.99675
187.0,0.5843733333333334,0.99675
188.0,0.5843733333333334,0.99675
189.0,0.5843733333333334,0.99675
190.0,0.5843733333333334,0.99675
191.0,0.5843733333333334,0.99675
192.0,0.5843733333333334,0.99675
193.0,0.5843733333333334,0.99675
194.0,0.5843733333333334,0.99675
195.0,0.5843733333333334,0.99675
197.0,0.5843733333333334,0.99675
199.0,0.5843733333333334,0.99675
201.0,0.5843733333333334,0.99675
203.0,0.5843733333333334,0.99675
205.0,0.5843733333333334,0.99675
208.0,0.5843733333333334,0.99675
209.0,0.5843733333333334,0.99675
210.0,0.5843733333333334,0.99675
211.0,0.5843733333333334,0.99675
215.0,0.5843733333333334,0.99675
216.0,0.5843733333333334,0.99675
217.0,0.5843733333333334,0.99675
218.0,0.5843733333333334,0.99675
219.0,0.5843733333333334,0.99675
221.0,0.5843733333333334,0.99675
223.0,0.5843733333333334,0.99675
224.0,0.5843733333333334,0.99675
225.0,0.5843733333333334,0.99675
227.0,0.5843733333333334,0.99675
229.0,0.5843733333333334,0.99675
231.0,0.5843733333333334,0.99675
232.0,0.5843733333333334,0.99675
234.0,0.5843733333333334,0.99675
236.0,0.5843733333333334,0.99675
238.0,0.5843733333333334,0.99675
240.0,0.5843733333333334,0.99675
241.0,0.5843733333333334,0.99675
243.0,0.5843733333333334,0.99675
244.0,0.5843733333333334,0.99675
246.0,0.5843733333333334,0.99675
248.0,0.5843733333333334,0.99675
251.0,0.5843733333333334,0.99675
252.0,0.5843733333333334,0.99675
254.0,0.5843733333333334,0.99675
256.0,0.5843733333333334,0.99675
257.0,0.5843733333333334,0.99675
260.0,0.5843733333333334,0.99675
262.0,0.5843733333333334,0.99675
265.0,0.5843733333333334,0.99675
266.0,0.5843733333333334,0.99675
268.0,0.5843733333333334,0.99675
271.0,0.5843733333333334,0.99675
273.0,0.5843733333333334,0.99675
274.0,0.5843733333333334,0.99675
275.0,0.5843733333333334,0.99675
276.0,0.5843733333333334,0.99675
278.0,0.5843733333333334,0.99675
281.0,0.5843733333333334,0.99675
282.0,0.5843733333333334,0.99675
283.0,0.5843733333333334,0.99675
285.0,0.5843733333333334,0.99675
287.0,0.5843733333333334,0.99675
290.0,0.5843733333333334,0.99675
291.0,0.5843733333333334,0.99675
292.0,0.5843733333333334,0.99675
294.0,0.5843733333333334,0.99675
296.0,0.5843733333333334,0.99675
297.0,0.5843733333333334,0.99675
299.0,0.5843733333333334,0.99675
300.0,0.5843733333333334,0.99675
301.0,0.5843733333333334,0.99675
302.0,0.5843733333333334,0.99675
303.0,0.5843733333333334,0.99675
304.0,0.5843733333333334,0.99675
306.0,0.5843733333333334,0.99675
307.0,0.5843733333333334,0.99675
308.0,0.5843733333333334,0.99675
309.0,0.5843733333333334,0.99675
310.0,0.5843733333333334,0.99675
312.0,0.5843733333333334,0.99675
313.0,0.5843733333333334,0.99675
314.0,0.5843733333333334,0.99675
315.0,0.5843733333333334,0.99675
318.0,0.5843733333333334,0.99675
322.0,0.5843733333333334,0.99675
324.0,0.5843733333333334,0.99675
325.0,0.5843733333333334,0.99675
326.0,0.5843733333333334,0.99675
328.0,0.5843733333333334,0.99675
330.0,0.5843733333333334,0.99675
332.0,0.5843733333333334,0.99675
335.0,0.5843733333333334,0.99675
336.0,0.5843733333333334,0.99675
337.0,0.5843733333333334,0.99675
338.0,0.5843733333333334,0.99675
339.0,0.5843733333333334,0.99675
340.0,0.5843733333333334,0.99675
341.0,0.5843733333333334,0.99675
342.0,0.5843733333333334,0.99675
343.0,0.5843733333333334,0.99675
344.0,0.5843733333333334,0.99675
345.0,0.5843733333333334,0.99675
346.0,0.5843733333333334,0.99675
349.0,0.5843733333333334,0.99675
350.0,0.5843733333333334,0.99675
351.0,0.5843733333333334,0.99675
352.0,0.5843733333333334,0.99675
354.0,0.5843733333333334,0.99675
355.0,0.5843733333333334,0.99675
356.0,0.5843733333333334,0.99675
357.0,0.5843733333333334,0.99675
358.0,0.5843733333333334,0.99675
359.0,0.5843733333333334,0.99675
360.0,0.5843733333333334,0.99675
361.0,0.5843733333333334,0.99675
362.0,0.5843733333333334,0.99675
363.0,0.5843733333333334,0.99675
364.0,0.5843733333333334,0.99675
366.0,0.5843733333333334,0.99675
369.0,0.5843733333333334,0.99675
370.0,0.5843733333333334,0.99675
371.0,0.5843733333333334,0.99675
372.0,0.5843733333333334,0.99675
373.0,0.5843733333333334,0.99675
375.0,0.5843733333333334,0.99675
376.0,0.5843733333333334,0.99675
377.0,0.5843733333333334,0.99675
379.0,0.5843733333333334,0.99675
380.0,0.5843733333333334,0.99675
381.0,0.5843733333333334,0.99675
382.0,0.5843733333333334,0.99675
384.0,0.5843733333333334,0.99675
386.0,0.5843733333333334,0.99675
387.0,0.5843733333333334,0.99675
390.0,0.5843733333333334,0.99675
394.0,0.5843733333333334,0.99675
396.0,0.5843733333333334,0.99675
398.0,0.5843733333333334,0.99675
399.0,0.5843733333333334,0.99675
400.0,0.5843733333333334,0.99675
402.0,0.5843733333333334,0.99675
405.0,0.5843733333333334,0.99675
407.0,0.5843733333333334,0.99675
410.0,0.5843733333333334,0.99675
411.0,0.5843733333333334,0.99675
412.0,0.5843733333333334,0.99675
413.0,0.5843733333333334,0.99675
417.0,0.5843733333333334,0.99675
418.0,0.5843733333333334,0.99675
419.0,0.5843733333333334,0.99675
420.0,0.5843733333333334,0.99675
422.0,0.5843733333333334,0.99675
423.0,0.5843733333333334,0.99675
427.0,0.5843733333333334,0.99675
430.0,0.5843733333333334,0.99675
431.0,0.5843733333333334,0.99675
433.0,0.5843733333333334,0.99675
434.0,0.5843733333333334,0.99675
435.0,0.5843733333333334,0.99675
437.0,0.5843733333333334,0.99675
438.0,0.5843733333333334,0.99675
439.0,0.5843733333333334,0.99675
440.0,0.5843733333333334,0.99675
441.0,0.5843733333333334,0.99675
442.0,0.5843733333333334,0.99675
443.0,0.5843733333333334,0.99675
445.0,0.5843733333333334,0.99675
446.0,0.5843733333333334,0.99675
447.0,0.5843733333333334,0.99675
448.0,0.5843733333333334,0.99675
449.0,0.5843733333333334,0.99675
451.0,0.5843733333333334,0.99675
452.0,0.5843733333333334,0.99675
453.0,0.5843733333333334,0.99675
454.0,0.5843733333333334,0.99675
455.0,0.5843733333333334,0.99675
456.0,0.5843733333333334,0.99675
457.0,0.5843733333333334,0.99675
458.0,0.5843733333333334,0.99675
460.0,0.5843733333333334,0.99675
461.0,0.5843733333333334,0.99675
463.0,0.5843733333333334,0.99675
464.0,0.5843733333333334,0.99675
465.0,0.5843733333333334,0.99675
466.0,0.5843733333333334,0.99675
468.0,0.5843733333333334,0.99675
470.0,0.5843733333333334,0.99675
471.0,0.5843733333333334,0.99675
472.0,0.5843733333333334,0.99675
473.0,0.5843733333333334,0.99675
474.0,0.5843733333333334,0.99675
476.0,0.5843733333333334,0.99675
477.0,0.5843733333333334,0.99675
478.0,0.5843733333333334,0.99675
479.0,0.5843733333333334,0.99675
482.0,0.5843733333333334,0.99675
484.0,0.5843733333333334,0.99675
486.0,0.5843733333333334,0.99675
487.0,0.5843733333333334,0.99675
490.0,0.5843733333333334,0.99675
491.0,0.5843733333333334,0.99675
492.0,0.5843733333333334,0.99675
494.0,0.5843733333333334,0.99675
496.0,0.5843733333333334,0.99675
497.0,0.5843733333333334,0.99675
499.0,0.5843733333333334,0.99675
500.0,0.5843733333333334,0.99675
501.0,0.5843733333333334,0.99675
502.0,0.5843733333333334,0.99675
505.0,0.5843733333333334,0.99675
506.0,0.5843733333333334,0.99675
508.0,0.5843733333333334,0.99675
509.0,0.5843733333333334,0.99675
510.0,0.5843733333333334,0.99675
511.0,0.5843733333333334,0.99675
514.0,0.5843733333333334,0.99675
515.0,0.5843733333333334,0.99675
516.0,0.5843733333333334,0.99675
518.0,0.5843733333333334,0.99675
519.0,0.5843733333333334,0.99675
522.0,0.5843733333333334,0.99675
523.0,0.5843733333333334,0.99675
524.0,0.5843733333333334,0.99675
525.0,0.5843733333333334,0.99675
526.0,0.5843733333333334,0.99675
527.0,0.5843733333333334,0.99675
529.0,0.5843733333333334,0.99675
531.0,0.5843733333333334,0.99675
532.0,0.5843733333333334,0.99675
533.0,0.5843733333333334,0.99675
536.0,0.5843733333333334,0.99675
538.0,0.5843733333333334,0.99675
539.0,0.5843733333333334,0.99675
541.0,0.5843733333333334,0.99675
542.0,0.5843733333333334,0.99675
543.0,0.5843733333333334,0.99675
546.0,0.5843733333333334,0.99675
549.0,0.5843733333333334,0.99675
550.0,0.5843733333333334,0.99675
553.0,0.5843733333333334,0.99675
555.0,0.5843733333333334,0.99675
556.0,0.5843733333333334,0.99675
558.0,0.5843733333333334,0.99675
559.0,0.5843733333333334,0.99675
560.0,0.5843733333333334,0.99675
561.0,0.5843733333333334,0.99675
562.0,0.5843733333333334,0.99675
563.0,0.5843733333333334,0.99675
564.0,0.5843733333333334,0.99675
566.0,0.5843733333333334,0.99675
569.0,0.5843733333333334,0.99675
571.0,0.5843733333333334,0.99675
573.0,0.5843733333333334,0.99675
574.0,0.5843733333333334,0.99675
576.0,0.5843733333333334,0.99675
577.0,0.5843733333333334,0.99675
578.0,0.5843733333333334,0.99675
579.0,0.5843733333333334,0.99675
580.0,0.5843733333333334,0.99675
583.0,0.5843733333333334,0.99675
586.0,0.5843733333333334,0.99675
588.0,0.5843733333333334,0.99675
589.0,0.5843733333333334,0.99675
590.0,0.5843733333333334,0.99675
591.0,0.5843733333333334,0.99675
593.0,0.5843733333333334,0.99675
598.0,0.5843733333333334,0.99675
599.0,0.5843733333333334,0.99675
601.0,0.5843733333333334,0.99675
602.0,0.5843733333333334,0.99675
604.0,0.5843733333333334,0.99675
605.0,0.5843733333333334,0.99675
607.0,0.5843733333333334,0.99675
609.0,0.5843733333333334,0.99675
610.0,0.5843733333333334,0.99675
611.0,0.5843733333333334,0.99675
612.0,0.5843733333333334,0.99675
613.0,0.5843733333333334,0.99675
615.0,0.5843733333333334,0.99675
616.0,0.5843733333333334,0.99675
619.0,0.5843733333333334,0.99675
620.0,0.5843733333333334,0.99675
621.0,0.5843733333333334,0.99675
623.0,0.5843733333333334,0.99675
626.0,0.5843733333333334,0.99675
628.0,0.5843733333333334,0.99675
630.0,0.5843733333333334,0.99675
632.0,0.5843733333333334,0.99675
633.0,0.5843733333333334,0.99675
634.0,0.5843733333333334,0.99675
635.0,0.5843733333333334,0.99675
636.0,0.5843733333333334,0.99675
637.0,0.5843733333333334,0.99675
638.0,0.5843733333333334,0.99675
639.0,0.5843733333333334,0.99675
640.0,0.5843733333333334,0.99675
642.0,0.5843733333333334,0.99675
645.0,0.5843733333333334,0.99675
647.0,0.5843733333333334,0.99675
649.0,0.5843733333333334,0.99675
650.0,0.5843733333333334,0.99675
651.0,0.5843733333333334,0.99675
652.0,0.5843733333333334,0.99675
654.0,0.5843733333333334,0.99675
655.0,0.5843733333333334,0.99675
658.0,0.5843733333333334,0.99675
659.0,0.5843733333333334,0.99675
661.0,0.5843733333333334,0.99675
662.0,0.5843733333333334,0.99675
663.0,0.5843733333333334,0.99675
664.0,0.5843733333333334,0.99675
665.0,0.5843733333333334,0.99675
667.0,0.5843733333333334,0.99675
669.0,0.5843733333333334,0.99675
670.0,0.5843733333333334,0.99675
671.0,0.5843733333333334,0.99675
674.0,0.5843733333333334,0.99675
677.0,0.5843733333333334,0.99675
678.0,0.5843733333333334,0.99675
680.0,0.5843733333333334,0.99675
681.0,0.5843733333333334,0.99675
682.0,0.5843733333333334,0.99675
683.0,0.5843733333333334,0.99675
684.0,0.5843733333333334,0.99675
685.0,0.5843733333333334,0.99675
687.0,0.5843733333333334,0.99675
688.0,0.5843733333333334,0.99675
690.0,0.5843733333333334,0.99675
692.0,0.5843733333333334,0.99675
693.0,0.5843733333333334,0.99675
694.0,0.5843733333333334,0.99675
695.0,0.5843733333333334,0.99675
696.0,0.5843733333333334,0.99675
697.0,0.5843733333333334,0.99675
701.0,0.5843733333333334,0.99675
702.0,0.5843733333333334,0.99675
703.0,0.5843733333333334,0.99675
704.0,0.5843733333333334,0.99675
705.0,0.5843733333333334,0.99675
706.0,0.5843733333333334,0.99675
708.0,0.5843733333333334,0.99675
709.0,0.5843733333333334,0.99675
710.0,0.5843733333333334,0.99675
711.0,0.5843733333333334,0.99675
712.0,0.5843733333333334,0.99675
714.0,0.5843733333333334,0.99675
715.0,0.5843733333333334,0.99675
718.0,0.5843733333333334,0.99675
719.0,0.5843733333333334,0.99675
720.0,0.5843733333333334,0.99675
721.0,0.5843733333333334,0.99675
722.0,0.5843733333333334,0.99675
724.0,0.5843733333333334,0.99675
725.0,0.5843733333333334,0.99675
726.0,0.5843733333333334,0.99675
728.0,0.5843733333333334,0.99675
729.0,0.5843733333333334,0.99675
730.0,0.5843733333333334,0.99675
731.0,0.5843733333333334,0.99675
732.0,0.5843733333333334,0.99675
736.0,0.5843733333333334,0.99675
739.0,0.5843733333333334,0.99675
740.0,0.5843733333333334,0.99675
743.0,0.5843733333333334,0.99675
744.0,0.5843733333333334,0.99675
745.0,0.5843733333333334,0.99675
747.0,0.5843733333333334,0.99675
748.0,0.5843733333333334,0.99675
751.0,0.5843733333333334,0.99675
752.0,0.5843733333333334,0.99675
753.0,0.5843733333333334,0.99675
755.0,0.5843733333333334,0.99675
756.0,0.5843733333333334,0.99675
757.0,0.5843733333333334,0.99675
758.0,0.5843733333333334,0.99675
759.0,0.5843733333333334,0.99675
760.0,0.5843733333333334,0.99675
761.0,0.5843733333333334,0.99675
762.0,0.5843733333333334,0.99675
763.0,0.5843733333333334,0.99675
765.0,0.5843733333333334,0.99675
766.0,0.5843733333333334,0.99675
768.0,0.5843733333333334,0.99675
769.0,0.5843733333333334,0.99675
770.0,0.5843733333333334,0.99675
773.0,0.5843733333333334,0.99675
775.0,0.5843733333333334,0.99675
777.0,0.5843733333333334,0.99675
780.0,0.5843733333333334,0.99675
781.0,0.5843733333333334,0.99675
783.0,0.5843733333333334,0.99675
784.0,0.5843733333333334,0.99675
786.0,0.5843733333333334,0.99675
787.0,0.5843733333333334,0.99675
788.0,0.5843733333333334,0.99675
790.0,0.5843733333333334,0.99675
792.0,0.5843733333333334,0.99675
793.0,0.5843733333333334,0.99675
796.0,0.5843733333333334,0.99675
797.0,0.5843733333333334,0.99675
798.0,0.5843733333333334,0.99675
799.0,0.5843733333333334,0.99675
801.0,0.5843733333333334,0.99675
803.0,0.5843733333333334,0.99675
804.0,0.5843733333333334,0.99675
805.0,0.5843733333333334,0.99675
806.0,0.5843733333333334,0.99675
807.0,0.5843733333333334,0.99675
808.0,0.5843733333333334,0.99675
810.0,0.5843733333333334,0.99675
813.0,0.5843733333333334,0.99675
814.0,0.5843733333333334,0.99675
815.0,0.5843733333333334,0.99675
817.0,0.5843733333333334,0.99675
820.0,0.5843733333333334,0.99675
822.0,0.5843733333333334,0.99675
823.0,0.5843733333333334,0.99675
824.0,0.5843733333333334,0.99675
827.0,0.5843733333333334,0.99675
829.0,0.5843733333333334,0.99675
831.0,0.5843733333333334,0.99675
832.0,0.5843733333333334,0.99675
834.0,0.5843733333333334,0.99675
837.0,0.5843733333333334,0.99675
839.0,0.5843733333333334,0.99675
840.0,0.5843733333333334,0.99675
841.0,0.5843733333333334,0.99675
843.0,0.5843733333333334,0.99675
844.0,0.5843733333333334,0.99675
847.0,0.5843733333333334,0.99675
851.0,0.5843733333333334,0.99675
852.0,0.5843733333333334,0.99675
853.0,0.5843733333333334,0.99675
854.0,0.5843733333333334,0.99675
855.0,0.5843733333333334,0.99675
857.0,0.5843733333333334,0.99675
859.0,0.5843733333333334,0.99675
860.0,0.5843733333333334,0.99675
861.0,0.5843733333333334,0.99675
862.0,0.5843733333333334,0.99675
863.0,0.5843733333333334,0.99675
864.0,0.5843733333333334,0.99675
866.0,0.5843733333333334,0.99675
868.0,0.5843733333333334,0.99675
869.0,0.5843733333333334,0.99675
871.0,0.5843733333333334,0.99675
872.0,0.5843733333333334,0.99675
874.0,0.5843733333333334,0.99675
876.0,0.5843733333333334,0.99675
877.0,0.5843733333333334,0.99675
878.0,0.5843733333333334,0.99675
879.0,0.5843733333333334,0.99675
880.0,0.5843733333333334,0.99675
882.0,0.5843733333333334,0.99675
883.0,0.5843733333333334,0.99675
886.0,0.5843733333333334,0.99675
888.0,0.5843733333333334,0.99675
890.0,0.5843733333333334,0.99675
892.0,0.5843733333333334,0.99675
894.0,0.5843733333333334,0.99675
896.0,0.5843733333333334,0.99675
897.0,0.5843733333333334,0.99675
898.0,0.5843733333333334,0.99675
899.0,0.5843733333333334,0.99675
900.0,0.5843733333333334,0.99675
901.0,0.5843733333333334,0.99675
904.0,0.5843733333333334,0.99675
905.0,0.5843733333333334,0.99675
907.0,0.5843733333333334,0.99675
910.0,0.5843733333333334,0.99675
911.0,0.5843733333333334,0.99675
912.0,0.5843733333333334,0.99675
914.0,0.5843733333333334,0.99675
916.0,0.5843733333333334,0.99675
918.0,0.5843733333333334,0.99675
920.0,0.5843733333333334,0.99675
921.0,0.5843733333333334,0.99675
923.0,0.5843733333333334,0.99675
925.0,0.5843733333333334,0.99675
926.0,0.5843733333333334,0.99675
929.0,0.5843733333333334,0.99675
931.0,0.5843733333333334,0.99675
932.0,0.5843733333333334,0.99675
935.0,0.5843733333333334,0.99675
936.0,0.5843733333333334,0.99675
938.0,0.5843733333333334,0.99675
939.0,0.5843733333333334,0.99675
941.0,0.5843733333333334,0.99675
942.0,0.5843733333333334,0.99675
943.0,0.5843733333333334,0.99675
945.0,0.5843733333333334,0.99675
946.0,0.5843733333333334,0.99675
948.0,0.5843733333333334,0.99675
949.0,0.5843733333333334,0.99675
951.0,0.5843733333333334,0.99675
952.0,0.5843733333333334,0.99675
953.0,0.5843733333333334,0.99675
955.0,0.5843733333333334,0.99675
956.0,0.5843733333333334,0.99675
957.0,0.5843733333333334,0.99675
958.0,0.5843733333333334,0.99675
959.0,0.5843733333333334,0.99675
960.0,0.5843733333333334,0.99675
962.0,0.5843733333333334,0.99675
966.0,0.5843733333333334,0.99675
968.0,0.5843733333333334,0.99675
969.0,0.5843733333333334,0.99675
970.0,0.5843733333333334,0.99675
971.0,0.5843733333333334,0.99675
975.0,0.5843733333333334,0.99675
977.0,0.5843733333333334,0.99675
979.0,0.5843733333333334,0.99675
980.0,0.5843733333333334,0.99675
982.0,0.5843733333333334,0.99675
983.0,0.5843733333333334,0.99675
985.0,0.5843733333333334,0.99675
986.0,0.5843733333333334,0.99675
988.0,0.5843733333333334,0.99675
989.0,0.5843733333333334,0.99675
990.0,0.5843733333333334,0.99675
992.0,0.5843733333333334,0.99675
993.0,0.5843733333333334,0.99675
994.0,0.5843733333333334,0.99675
995.0,0.5843733333333334,0.99675
996.0,0.5843733333333334,0.99675
997.0,0.5843733333333334,0.99675
998.0,0.5843733333333334,0.99675
999.0,0.5843733333333334,0.99675
1000.0,0.5843733333333334,0.99675
1002.0,0.5843733333333334,0.99675
1003.0,0.5843733333333334,0.99675
1006.0,0.5843733333333334,0.99675
1007.0,0.5843733333333334,0.99675
1010.0,0.5843733333333334,0.99675
1011.0,0.5843733333333334,0.99675
1012.0,0.5843733333333334,0.99675
1013.0,0.5843733333333334,0.99675
1016.0,0.5843733333333334,0.99675
1017.0,0.5843733333333334,0.99675
1018.0,0.5843733333333334,0.99675
1019.0,0.5843733333333334,0.99675
1020.0,0.5843733333333334,0.99675
1022.0,0.5843733333333334,0.99675
1023.0,0.5843733333333334,0.99675
1024.0,0.5843733333333334,0.99675
1026.0,0.5843733333333334,0.99675
1027.0,0.5843733333333334,0.99675
1030.0,0.5843733333333334,0.99675
1031.0,0.5843733333333334,0.99675
1033.0,0.5843733333333334,0.99675
1036.0,0.5843733333333334,0.99675
1037.0,0.5843733333333334,0.99675
1038.0,0.5843733333333334,0.99675
1040.0,0.5843733333333334,0.99675
1043.0,0.5843733333333334,0.99675
1046.0,0.5843733333333334,0.99675
1048.0,0.5843733333333334,0.99675
1050.0,0.5843733333333334,0.99675
1051.0,0.5843733333333334,0.99675
1053.0,0.5843733333333334,0.99675
1055.0,0.5843733333333334,0.99675
1057.0,0.5843733333333334,0.99675
1058.0,0.5843733333333334,0.99675
1059.0,0.5843733333333334,0.99675
1060.0,0.5843733333333334,0.99675
1061.0,0.5843733333333334,0.99675
1063.0,0.5843733333333334,0.99675
1065.0,0.5843733333333334,0.99675
1067.0,0.5843733333333334,0.99675
1070.0,0.5843733333333334,0.99675
1071.0,0.5843733333333334,0.99675
1073.0,0.5843733333333334,0.99675
1074.0,0.5843733333333334,0.99675
1075.0,0.5843733333333334,0.99675
1076.0,0.5843733333333334,0.99675
1077.0,0.5843733333333334,0.99675
1078.0,0.5843733333333334,0.99675
1079.0,0.5843733333333334,0.99675
1080.0,0.5843733333333334,0.99675
1081.0,0.5843733333333334,0.99675
1082.0,0.5843733333333334,0.99675
1083.0,0.5843733333333334,0.99675
1086.0,0.5843733333333334,0.99675
1088.0,0.5843733333333334,0.99675
1089.0,0.5843733333333334,0.99675
1090.0,0.5843733333333334,0.99675
1091.0,0.5843733333333334,0.99675
1094.0,0.5843733333333334,0.99675
1095.0,0.5843733333333334,0.99675
1096.0,0.5843733333333334,0.99675
1097.0,0.5843733333333334,0.99675
1099.0,0.5843733333333334,0.99675
1100.0,0.5843733333333334,0.99675
1102.0,0.5843733333333334,0.99675
1103.0,0.5843733333333334,0.99675
1105.0,0.5843733333333334,0.99675
1107.0,0.5843733333333334,0.99675
1108.0,0.5843733333333334,0.99675
1109.0,0.5843733333333334,0.99675
1111.0,0.5843733333333334,0.99675
1114.0,0.5843733333333334,0.99675
1116.0,0.5843733333333334,0.99675
1117.0,0.5843733333333334,0.99675
1118.0,0.5843733333333334,0.99675
1120.0,0.5843733333333334,0.99675
1121.0,0.5843733333333334,0.99675
1125.0,0.5843733333333334,0.99675
1126.0,0.5843733333333334,0.99675
1127.0,0.5843733333333334,0.99675
1128.0,0.5843733333333334,0.99675
1129.0,0.5843733333333334,0.99675
1131.0,0.5843733333333334,0.99675
1132.0,0.5843733333333334,0.99675
1133.0,0.5843733333333334,0.99675
1135.0,0.5843733333333334,0.99675
1136.0,0.5843733333333334,0.99675
1137.0,0.5843733333333334,0.99675
1139.0,0.5843733333333334,0.99675
1141.0,0.5843733333333334,0.99675
1142.0,0.5843733333333334,0.99675
1143.0,0.5843733333333334,0.99675
1144.0,0.5843733333333334,0.99675
1145.0,0.5843733333333334,0.99675
1146.0,0.5843733333333334,0.99675
1147.0,0.5843733333333334,0.99675
1148.0,0.5843733333333334,0.99675
1149.0,0.5843733333333334,0.99675
1150.0,0.5843733333333334,0.99675
1152.0,0.5843733333333334,0.99675
7991.0,0.58352,0.99175
8487.0,0.5766933333333333,0.99025
9216.0,0.5766933333333333,0.9975
9380.0,0.57584,0.99375
9826.0,0.5690133333333334,0.99225
10677.0,0.5664533333333333,0.9985
11583.0,0.5656,0.99275
12322.0,0.5656,0.9965
12693.0,0.5656,0.9975
14449.0,0.5656,0.997
14852.0,0.5621866666666666,0.98725
15212.0,0.5621866666666666,0.99175
15921.0,0.5621866666666666,0.9925
15973.0,0.5621866666666666,0.99675
16332.0,0.5613333333333334,0.986
17607.0,0.5621866666666666,0.99725
17649.0,0.5621866666666666,0.9955
17892.0,0.5562133333333333,0.9975
18398.0,0.5536533333333333,0.99375
18448.0,0.5536533333333333,0.9965
18577.0,0.5536533333333333,0.99875
18853.0,0.5468266666666667,0.99125
19099.0,0.5468266666666667,0.992
19363.0,0.5468266666666667,1.0
19366.0,0.5434133333333333,0.9945
19369.0,0.54,0.989
19654.0,0.4922133333333333,0.993
20366.0,0.49818666666666667,0.99575
20721.0,0.5041599999999999,0.99125
20967.0,0.5075733333333333,0.9905
20995.0,0.5101333333333333,0.99225
21062.0,0.5118400000000001,0.98925
21094.0,0.5118400000000001,0.999
21166.0,0.5144,0.99625
21310.0,0.5075733333333333,0.98625
21438.0,0.5041599999999999,0.99175
21969.0,0.5007466666666667,0.99675
22036.0,0.4973333333333333,0.998
22068.0,0.49392,0.99875
22091.0,0.49050666666666665,1.0
22787.0,0.48368,0.989
22943.0,0.4802666666666666,0.9925
23035.0,0.4802666666666666,0.99625
23051.0,0.47685333333333335,0.9985
23122.0,0.47343999999999997,0.9905
23144.0,0.47343999999999997,0.99625
23152.0,0.47343999999999997,0.9995
23153.0,0.4700266666666667,0.9985
23534.0,0.4700266666666667,0.999
23686.0,0.46319999999999995,0.98825
23815.0,0.4597866666666667,0.991
23931.0,0.4597866666666667,0.99675
24209.0,0.4563733333333333,0.999
24221.0,0.44954666666666665,0.98775
24940.0,0.44954666666666665,0.991
24997.0,0.44954666666666665,0.99475
25004.0,0.44954666666666665,0.99275
25362.0,0.44954666666666665,0.9975
25643.0,0.4461333333333334,0.99675
25752.0,0.4435733333333334,0.99925
25793.0,0.4435733333333334,0.9925
25918.0,0.4376,0.994
26140.0,0.43504,0.99275
26146.0,0.43248,0.99375
26232.0,0.43248,0.99725
26355.0,0.4316266666666667,0.9915
26426.0,0.42565333333333333,0.9915
26785.0,0.42565333333333333,0.996
26846.0,0.42223999999999995,0.99575
27248.0,0.4162666666666667,0.9955
27546.0,0.4102933333333333,0.99475
27578.0,0.4077333333333333,0.99375
27722.0,0.4341866666666667,0.99975
27840.0,0.48197333333333336,1.0
28699.0,0.5058666666666667,0.99475
28955.0,0.5023733333333333,0.995
29122.0,0.51944,1.0
29320.0,0.51432,0.98975
29366.0,0.5202933333333333,0.99025
29398.0,0.5262666666666667,0.9955
29474.0,0.5296799999999999,0.99775
29824.0,0.5330933333333333,0.998
30525.0,0.5569866666666667,0.99875
30711.0,0.7745866666666666,0.999
31349.0,0.7950666666666667,0.994
31371.0,0.7925066666666667,0.994
31704.0,0.7933600000000001,0.998
31713.0,0.7967733333333333,0.99425
31769.0,0.7933600000000001,0.9885
32136.0,0.7976266666666667,0.9905
32225.0,0.7771466666666667,0.9895
33232.0,0.7814133333333333,0.99925
33330.0,0.7848266666666667,0.99725
33388.0,0.7908,0.99875
33602.0,0.7967733333333333,0.99475
34460.0,0.7967733333333333,0.99575
35063.0,0.7899466666666667,0.992
35195.0,0.79592,0.9975
35699.0,0.8018933333333333,0.9965
36390.0,0.7745866666666666,0.99125
36909.0,0.778,1.0
37097.0,0.7839733333333333,0.99625
37378.0,0.778,0.9945
38219.0,0.778,0.9905
38908.0,0.7771466666666667,0.9975
39096.0,0.7498400000000001,0.991
39107.0,0.7498400000000001,0.991
39194.0,0.7558133333333333,0.99175
39248.0,0.7583733333333333,0.99325
39330.0,0.7583733333333333,0.9945
39770.0,0.75496,0.99125
39864.0,0.75752,0.9905
39963.0,0.75752,0.999
41267.0,0.7302133333333334,0.9905
41458.0,0.7327733333333333,0.99275
41625.0,0.72944,0.98925
41698.0,0.72944,0.998
42100.0,0.7260266666666666,0.9965
42170.0,0.7251733333333333,0.99225
42731.0,0.7192000000000001,0.98725
42821.0,0.77296,0.992
42910.0,0.77296,0.9915
42935.0,0.7789333333333334,0.996
43379.0,0.77552,0.9885
43978.0,0.7823466666666666,0.99625
44631.0,0.7695466666666666,1.0
45362.0,0.7627200000000001,0.99225
45619.0,0.7661333333333333,0.9945
46358.0,0.7456533333333333,0.99925
46799.0,0.7388266666666667,0.98925
46878.0,0.73712,0.99875
46922.0,0.7405333333333333,0.9925
47788.0,0.7405333333333333,0.99125
47816.0,0.74736,0.99575
48106.0,0.74736,0.99825
48477.0,0.7507733333333333,0.998
48706.0,0.7448,0.997
49008.0,0.7516266666666667,1.0
49173.0,0.7516266666666667,0.992
49233.0,0.7456533333333333,0.99475
49611.0,0.73968,0.995
49670.0,0.73712,0.9955
49727.0,0.73712,0.98875
50033.0,0.7311466666666666,0.9915
50240.0,0.7115199999999999,0.99225
50729.0,0.7174933333333333,0.992
50733.0,0.7182666666666666,0.999
50944.0,0.7114400000000001,0.98925
50990.0,0.84456,0.9895
51060.0,0.98024,0.98975
51413.0,0.9769066666666667,0.97975
51621.0,0.97008,0.968
51651.0,0.9666666666666667,0.955
51698.0,0.9658133333333333,0.94025
51767.0,0.96496,0.92675
51930.0,0.9615466666666667,0.9135
52271.0,0.9606933333333333,0.90325
53088.0,0.9538666666666666,0.8905
53269.0,0.9504533333333334,0.877
53369.0,0.9436266666666666,0.86625
54489.0,0.9427733333333334,0.8555
54662.0,0.93936,0.84075
54692.0,0.9359466666666667,0.8282499999999999
54741.0,0.92912,0.8140000000000001
54819.0,0.9257066666666667,0.80025
55043.0,0.91888,0.78825
55059.0,0.8915733333333333,0.7745
55510.0,0.8881600000000001,0.761
55516.0,0.8847466666666667,0.748
55726.0,0.87792,0.7355
56112.0,0.8770666666666667,0.7242500000000001
56263.0,0.8736533333333334,0.71
56294.0,0.87024,0.69575
56494.0,0.8668266666666666,0.6825
56520.0,0.9965333333333334,0.6819999999999999
56752.0,0.99312,0.67075
56851.0,0.9897066666666666,0.665
57060.0,0.98288,0.65925
57514.0,0.9794666666666667,0.6475
57559.0,0.97264,0.63375
57625.0,0.9180266666666667,0.624
57660.0,0.9171733333333333,0.6192500000000001
57764.0,0.91376,0.605
57918.0,0.9129066666666666,0.59375
57952.0,0.90608,0.579
58409.0,0.9026666666666667,0.56725
58410.0,0.89584,0.56
58805.0,0.8890133333333333,0.5455
59153.0,0.8881600000000001,0.53225
60639.0,0.8873066666666667,0.52275
60769.0,0.88048,0.515
60826.0,0.8796266666666667,0.5097499999999999
61015.0,0.8787733333333333,0.505
61076.0,0.87792,0.49950000000000006
61340.0,0.8745066666666667,0.48575
62143.0,0.9837333333333333,0.48224999999999996
62259.0,0.98288,0.47250000000000003
62313.0,0.9820266666666667,0.46199999999999997
62504.0,0.9885066666666666,0.46699999999999997
62554.0,0.9850933333333334,0.45725000000000005
62615.0,0.9782666666666666,0.44599999999999995
62781.0,0.9748533333333333,0.43625
62982.0,0.9953333333333333,0.43975
63344.0,0.9885066666666666,0.42725
63440.0,0.98168,0.41400000000000003
63887.0,0.9808266666666666,0.40700000000000003
64255.0,0.9774133333333334,0.39575000000000005
65062.0,0.974,0.38549999999999995
65444.0,0.9705866666666667,0.37350000000000005
65809.0,0.9697333333333333,0.36250000000000004
66096.0,0.9629066666666667,0.35250000000000004
66173.0,0.9620533333333333,0.3435
66641.0,0.9552266666666667,0.33275
67042.0,0.9484,0.31825000000000003
67739.0,0.9978933333333333,0.33799999999999997
68065.0,0.99704,0.3255
68253.0,0.99704,0.3275
68535.0,0.9996,0.3275
68817.0,0.96624,0.624
68923.0,0.9653866666666666,0.61025
69039.0,0.9619733333333333,0.59625
69276.0,0.96112,0.5855
70485.0,0.9577066666666667,0.5722499999999999
70590.0,0.9850133333333333,0.5994999999999999
70610.0,0.9816,0.58575
71633.0,0.9807466666666667,0.57325
71696.0,0.9774133333333334,0.5587500000000001
71862.0,0.97656,0.54575
73512.0,0.9757066666666667,0.53225
75433.0,0.9748533333333333,0.5177499999999999
76646.0,0.9475466666666666,0.527
76789.0,0.9987466666666667,0.6094999999999999
77734.0,0.9987466666666667,0.954
78601.0,0.9990933333333334,0.95775
81291.0,0.9717866666666667,0.99325
81862.0,0.97776,0.9965
82087.0,0.9769066666666667,0.9885
84894.0,0.98288,0.99275
85614.0,0.9888533333333334,0.99425
86330.0,0.9948266666666666,0.9905
87371.0,0.9939733333333334,0.978
87838.0,0.9999466666666667,0.979
88151.0,0.9999466666666667,0.97925
88541.0,0.9990933333333334,0.96625
88642.0,0.99824,0.95325
88748.0,0.99824,0.954
88811.0,0.9709333333333333,0.99025
89292.0,0.9743466666666667,0.992
90068.0,0.9709333333333333,0.9905
90097.0,0.9769066666666667,0.989
90446.0,0.9760533333333333,0.975
90672.0,0.9897066666666666,0.9945
90978.0,0.99568,0.992
91049.0,0.9478933333333334,0.993
91575.0,0.9001066666666666,0.995
91664.0,0.85232,0.9925
91808.0,0.8582933333333334,0.99225
91845.0,0.8617066666666666,0.99875
91850.0,0.8582933333333334,0.99075
91855.0,0.8617066666666666,0.99725
91860.0,0.85488,0.98825
91992.0,0.8412266666666667,0.99825
93059.0,0.8344,0.9905
93365.0,0.8344,0.9945
93482.0,0.8472,0.9995
93507.0,0.7994133333333333,0.99775
93758.0,0.7516266666666667,0.99625
94366.0,0.7516266666666667,0.997
94375.0,0.7516266666666667,0.99525
94448.0,0.70384,0.99225
94649.0,0.6560533333333334,0.99475
94656.0,0.6560533333333334,0.99725
94863.0,0.66288,0.996
95084.0,0.6594666666666666,0.99025
95217.0,0.66288,0.993
96236.0,0.6594666666666666,0.988
96352.0,0.66288,0.9895
96495.0,0.62192,0.9965
96606.0,0.62192,0.9975
96724.0,0.6253333333333333,0.99575
96736.0,0.6253333333333333,0.99925
97293.0,0.6253333333333333,1.0
97354.0,0.6185066666666666,0.99275
97723.0,0.62192,0.997
98599.0,0.62192,0.9975
98688.0,0.6253333333333333,0.99275
98712.0,0.6287466666666667,0.999
99253.0,0.6287466666666667,0.998
99620.0,0.63216,0.99375
99735.0,0.63216,0.9935
100477.0,0.63216,0.9895
100523.0,0.6355733333333333,0.99325
100552.0,0.6868533333333333,0.994
101127.0,0.6970933333333333,0.99925
101153.0,0.6936800000000001,0.991
101164.0,0.6936800000000001,0.9985
101291.0,0.6902666666666666,0.98825
101370.0,0.6902666666666666,0.99475
101592.0,0.6936800000000001,0.993
102167.0,0.6936800000000001,0.9925
102584.0,0.6970933333333333,0.99625
103167.0,0.6936800000000001,0.986
103174.0,0.9667466666666666,0.99575
103864.0,0.97016,0.9985
103886.0,0.9667466666666666,0.9865
104099.0,0.97016,0.99075
104315.0,0.9735733333333333,0.994
104438.0,0.9676,0.99775
104500.0,0.96504,0.99625
104707.0,0.9616266666666666,0.98425
105046.0,0.9582133333333334,0.9715
105068.0,0.9513866666666667,0.96075
105240.0,0.9991733333333334,0.9615
105637.0,0.99576,0.95025
105927.0,0.9889333333333333,0.93925
106162.0,0.9889333333333333,0.944
106252.0,0.98552,0.9305
106436.0,0.9786933333333333,0.921
106862.0,0.97528,0.907
107120.0,0.9684533333333334,0.897
107214.0,0.9616266666666666,0.88825
107441.0,0.9582133333333334,0.874
107507.0,0.9513866666666667,0.86475
107636.0,0.9991733333333334,0.8555
108173.0,0.9923466666666667,0.84325
108250.0,0.9889333333333333,0.8302499999999999
108377.0,0.9821066666666667,0.82275
108509.0,0.97528,0.813
108543.0,0.9684533333333334,0.80025
108704.0,0.9616266666666666,0.7867500000000001
108769.0,0.9548,0.78175
108887.0,0.9479733333333333,0.7725
108963.0,0.9991733333333334,0.76925
108987.0,0.99968,0.78075
109082.0,0.9988266666666666,0.766
109113.0,0.992,0.754
109246.0,0.992,0.75425
109267.0,0.9373866666666667,0.74125
109281.0,0.93056,0.7375
109388.0,0.9271466666666667,0.72375
109479.0,0.92032,0.7135
109579.0,0.9134933333333334,0.69975
109586.0,0.91008,0.68525
109668.0,0.9032533333333334,0.673
109773.0,0.89984,0.659
110149.0,0.8964266666666667,0.6447499999999999
110400.0,0.8896,0.632
110662.0,0.8827733333333333,0.61975
111170.0,0.8759466666666667,0.6052500000000001
111281.0,0.86912,0.59425
111597.0,0.8622933333333334,0.58475
111793.0,0.8349866666666667,0.5720000000000001
111820.0,0.82816,0.5605
112603.0,0.8213333333333334,0.5487500000000001
112748.0,0.81792,0.53525
112934.0,0.8110933333333333,0.52075
114490.0,0.8042666666666667,0.50675
114499.0,0.79744,0.49824999999999997
114849.0,0.7906133333333334,0.48524999999999996
115241.0,0.7837866666666666,0.47524999999999995
115407.0,0.77696,0.46275
115725.0,0.7701333333333333,0.45025000000000004
115814.0,0.76928,0.44275
115864.0,0.7624533333333333,0.43074999999999997
116123.0,0.70784,0.42525
116373.0,0.7010133333333333,0.41225
116496.0,0.9740800000000001,0.41925
116641.0,0.9672533333333333,0.405
116993.0,0.9604266666666667,0.39149999999999996
117218.0,0.9536,0.38075000000000003
118344.0,0.9527466666666666,0.37175
118647.0,0.94592,0.36050000000000004
118904.0,0.9390933333333333,0.34650000000000003
119034.0,0.9322666666666667,0.33425000000000005
119266.0,0.92544,0.32099999999999995
119723.0,0.9221066666666666,0.3065
120220.0,0.91528,0.2925
120373.0,0.9084533333333333,0.27849999999999997
120492.0,0.9016266666666667,0.26475000000000004
120595.0,0.8948,0.25075000000000003
121181.0,0.8811466666666666,0.22175
121451.0,0.87432,0.20699999999999996
121563.0,0.8197066666666667,0.19974999999999998
123148.0,0.8132266666666667,0.1905
124861.0,0.9770666666666666,0.19499999999999995
125381.0,0.9949866666666667,0.2925
125447.0,0.9403733333333333,0.28
125809.0,0.88576,0.26575000000000004
128356.0,0.8789333333333333,0.253
129252.0,0.8721066666666667,0.24
130772.0,0.86528,0.22550000000000003
131257.0,0.8644266666666667,0.21075
131359.0,0.9463466666666667,0.21025000000000005
131912.0,0.93952,0.19574999999999998
132443.0,0.9326933333333334,0.18174999999999997
133300.0,0.9258666666666666,0.16749999999999998
133444.0,0.91904,0.15300000000000002
136689.0,0.9122133333333333,0.14575000000000005
139599.0,0.91136,0.13649999999999995
141670.0,0.87288,0.35924999999999996
141856.0,0.7636533333333333,0.34924999999999995
141951.0,0.7363466666666667,0.3385
142957.0,0.7354933333333333,0.32699999999999996
146458.0,0.73464,0.31399999999999995
146984.0,0.7278133333333333,0.29974999999999996
147191.0,0.6732,0.28574999999999995
147435.0,0.6714933333333333,0.272
148016.0,0.66816,0.26825
150119.0,0.99584,0.26525
151846.0,0.8593066666666667,0.252
154726.0,0.8584533333333333,0.24350000000000005
155760.0,0.8576,0.23424999999999996
156988.0,0.8507733333333334,0.22999999999999998
158579.0,0.8439466666666666,0.22475
158658.0,0.7074133333333333,0.21599999999999997
159504.0,0.7057066666666667,0.20425000000000004
160360.0,0.7048533333333333,0.19199999999999995
161062.0,0.6980266666666667,0.17925000000000002
162301.0,0.6912,0.17149999999999999
164337.0,0.6894933333333333,0.15725
164523.0,0.63488,0.14275000000000004
165795.0,0.6280533333333334,0.13275000000000003
165831.0,0.6212266666666666,0.12275000000000003
165843.0,0.6178133333333333,0.11399999999999999
167585.0,0.5905066666666667,0.10599999999999998
168722.0,0.58368,0.09399999999999997
169224.0,0.5768533333333333,0.08174999999999999
169306.0,0.5768533333333333,0.08374999999999999
170191.0,0.5700266666666667,0.07074999999999998
170679.0,0.5631999999999999,0.05774999999999997
173171.0,0.5563733333333334,0.04300000000000004
174838.0,0.55296,0.028249999999999997
190801.0,0.5461333333333334,0.01375000000000004
191648.0,0.5461333333333334,0.010499999999999954
207496.0,0.5461333333333334,0.01475000000000004
229730.0,0.5461333333333334,0.014249999999999985
251213.0,0.87544,0.3345
256167.0,0.8745866666666666,0.3315
261090.0,0.8737333333333334,0.32499999999999996
263915.0,0.87288,0.31675
264812.0,0.8455733333333333,0.30825
266134.0,0.9548,0.31375
266173.0,0.9539466666666667,0.3045
266865.0,0.9506133333333333,0.2945
268406.0,0.94976,0.28325
268544.0,0.9489066666666667,0.272
268929.0,0.9480533333333333,0.26049999999999995
269496.0,0.9472,0.25075000000000003
269545.0,0.9463466666666667,0.23875000000000002
270023.0,0.93952,0.22650000000000003
270689.0,0.9386666666666666,0.21375
271034.0,0.9378133333333334,0.20074999999999998
271456.0,0.93696,0.1885
271917.0,0.9361066666666666,0.17500000000000004
272203.0,0.9352533333333334,0.16225
272237.0,0.9403733333333333,0.98725
272618.0,0.9463466666666667,0.98775
272686.0,0.9591466666666667,0.9975
273012.0,0.9617066666666667,0.9985
273237.0,0.9642666666666667,0.99875
273549.0,0.9130666666666667,0.998
273657.0,0.9156266666666667,0.996
274746.0,0.9181866666666667,0.99725
275129.0,0.9207466666666667,0.9945
276617.0,0.92672,0.9975
280032.0,0.9258666666666666,0.99475
281923.0,0.9250133333333334,0.9885
284991.0,0.9309866666666666,0.996
285073.0,0.92416,0.98775
285403.0,0.9301333333333334,0.99475
286152.0,0.9301333333333334,0.99825
286439.0,0.9361066666666666,0.99625
286675.0,0.94208,0.99525
286734.0,0.9480533333333333,0.9935
287045.0,0.9540266666666667,0.99275
287439.0,0.9472,0.997
287705.0,0.7355733333333334,0.996
288172.0,0.7352266666666667,0.99275
288313.0,0.7412000000000001,0.99175
288513.0,0.7377866666666666,0.98825
288531.0,0.7377866666666666,0.99125
288799.0,0.7434133333333333,0.9935
288946.0,0.7459733333333334,0.996
289673.0,0.7516,0.9955
289835.0,0.5877600000000001,0.99375
289857.0,0.5933866666666667,0.9975
289951.0,0.5990133333333334,0.99525
290089.0,0.60208,0.99275
290112.0,0.6068533333333334,0.98875
290114.0,0.61248,0.98925
290264.0,0.6454133333333334,0.99975
290549.0,0.6510400000000001,0.99575
290760.0,0.6476266666666667,0.99075
291066.0,0.7013866666666666,0.9895
291607.0,0.7286933333333334,0.9885
291902.0,0.7283466666666667,0.98875
292150.0,0.8913333333333333,0.999
292769.0,0.9997066666666666,0.99975
293326.0,0.9988533333333334,0.986
293352.0,0.9985066666666667,0.985
293374.0,0.9976533333333333,0.971
293700.0,0.9968,0.957
293712.0,0.9959466666666666,0.943
293754.0,0.9925333333333334,0.9359999999999999
293987.0,0.99168,0.92175
294441.0,0.9908266666666666,0.90725
294450.0,0.9899733333333334,0.89275
294497.0,0.98912,0.878
294507.0,0.9882666666666666,0.8634999999999999
294814.0,0.98144,0.8535
294835.0,0.9780266666666667,0.847
294836.0,0.9771733333333333,0.8322499999999999
294837.0,0.9703466666666667,0.82225
295488.0,0.96352,0.8109999999999999
296244.0,0.9566933333333333,0.79925
296335.0,0.9498666666666666,0.78825
296608.0,0.9976533333333333,0.791
297570.0,0.9976533333333333,0.791
297638.0,0.9968,0.7765
297642.0,0.9959466666666666,0.762
297687.0,0.9959466666666666,0.7625
297777.0,0.98912,0.75525
298246.0,0.99936,0.76225
298508.0,0.99936,0.75775
298551.0,0.99936,0.75175
298608.0,0.99936,0.7545
298913.0,0.9925333333333334,0.741
298928.0,0.9857066666666666,0.7275
299363.0,0.9822933333333334,0.71675
299388.0,0.9754666666666667,0.70825
299522.0,0.96864,0.7
299587.0,0.9652266666666667,0.6892499999999999
299591.0,0.9587466666666666,0.6819999999999999
299691.0,0.95192,0.66875
299764.0,0.9485066666666666,0.6577500000000001
299977.0,0.9450933333333333,0.64425
300122.0,0.94168,0.63175
300693.0,0.9382666666666667,0.61775
300795.0,0.93144,0.60875
300872.0,0.9280266666666667,0.597
300873.0,0.9246133333333333,0.58525
300887.0,0.9212,0.5735
301064.0,0.9177866666666666,0.5607500000000001
301202.0,0.91096,0.5465
301562.0,0.9075466666666667,0.5355
301573.0,0.90072,0.5275000000000001
301607.0,0.8973066666666667,0.51525
301993.0,0.8938933333333333,0.50275
302351.0,0.8874133333333334,0.495
302383.0,0.884,0.48224999999999996
302471.0,0.8805866666666666,0.46799999999999997
302691.0,0.8771733333333334,0.45399999999999996
303067.0,0.8706933333333333,0.44599999999999995
303290.0,0.8642133333333333,0.43775
303889.0,0.8608,0.42400000000000004
304235.0,0.8573866666666666,0.41000000000000003
304243.0,0.8539733333333334,0.396
304316.0,0.8474933333333333,0.38675000000000004
304505.0,0.8410133333333334,0.37749999999999995
305013.0,0.8376,0.363
305016.0,0.8341866666666666,0.34850000000000003
305933.0,0.82736,0.33899999999999997
306834.0,0.82088,0.32799999999999996
307025.0,0.93096,0.3315
307582.0,0.9241333333333334,0.31675
307615.0,0.9173066666666667,0.30225
308850.0,0.9108266666666667,0.28925
308896.0,0.904,0.276
309052.0,0.8971733333333334,0.26175000000000004
309117.0,0.8906933333333333,0.24950000000000006
309794.0,0.8360799999999999,0.23775000000000002
309877.0,0.8326666666666667,0.22424999999999995
309939.0,0.82584,0.21699999999999997
311260.0,0.81936,0.20274999999999999
311417.0,0.9362666666666667,0.23075
311474.0,0.9977066666666666,0.24224999999999997
311579.0,0.99976,0.25375000000000003
311831.0,0.99976,0.25875000000000004
312650.0,0.99328,0.24624999999999997
315165.0,0.9941333333333333,0.3275
316063.0,0.94976,0.37175
316719.0,0.9224533333333333,0.366
317506.0,0.9156266666666667,0.35550000000000004
318184.0,0.9147733333333333,0.35050000000000003
319883.0,0.9147733333333333,0.35375
320837.0,0.90112,0.33925000000000005
321367.0,0.8942933333333334,0.32675
321605.0,0.89344,0.32099999999999995
322432.0,0.8866133333333334,0.30774999999999997
322710.0,0.832,0.29300000000000004
323680.0,0.8251733333333333,0.2905
324352.0,0.8243199999999999,0.2845
328626.0,0.8234666666666667,0.27625
329485.0,0.8226133333333333,0.26675000000000004
329631.0,0.9864533333333333,0.26425
329838.0,0.9796266666666666,0.25525
330389.0,0.9787733333333334,0.24324999999999997
330503.0,0.8695466666666667,0.23099999999999998
331605.0,0.8627199999999999,0.22075
332190.0,0.8627199999999999,0.21950000000000003
333500.0,0.8618666666666667,0.20799999999999996
335287.0,0.85504,0.19774999999999998
335560.0,0.8541866666666666,0.18500000000000005
336027.0,0.84736,0.17425000000000002
336940.0,0.8405333333333334,0.16349999999999998
337161.0,0.8337066666666667,0.15200000000000002
337168.0,0.8268800000000001,0.14049999999999996
337209.0,0.8200533333333333,0.12675000000000003
337369.0,0.8192,0.11299999999999999
337606.0,0.8192,0.11550000000000005
338296.0,0.8123733333333334,0.10324999999999995
338303.0,0.8055466666666666,0.08850000000000002
341681.0,0.79872,0.07399999999999995
342044.0,0.7918933333333333,0.059250000000000025
343168.0,0.99584,0.44599999999999995
344355.0,0.99584,0.46575
351046.0,0.9685333333333334,0.614
354867.0,0.9617066666666667,0.6065
356917.0,0.95488,0.6005
356970.0,0.9540266666666667,0.5920000000000001
357674.0,0.9472,0.5855
359028.0,0.9472,0.61225
359040.0,0.9472,0.64425
359745.0,0.9949866666666667,0.6487499999999999
360132.0,0.98816,0.63775
360594.0,0.9873066666666667,0.6265000000000001
361050.0,0.98048,0.61775
361158.0,0.9796266666666666,0.607
361252.0,0.9728,0.5952500000000001
361487.0,0.9659733333333334,0.587
361865.0,0.96512,0.57475
361870.0,0.9642666666666667,0.56275
362069.0,0.9634133333333333,0.5505
362163.0,0.9565866666666667,0.5409999999999999
362377.0,0.94976,0.5285
362541.0,0.9975466666666667,0.5235000000000001
362767.0,0.9975466666666667,0.52225
362908.0,0.99072,0.51225
363245.0,0.9361066666666666,0.5075000000000001
364047.0,0.92928,0.49675
364155.0,0.9284266666666666,0.48375
364220.0,0.9275733333333334,0.47050000000000003
364856.0,0.92416,0.45675
364884.0,0.9105066666666667,0.44425000000000003
365185.0,0.90368,0.43274999999999997
365186.0,0.8968533333333333,0.42125
365382.0,0.896,0.40674999999999994
365550.0,0.9984,0.40625
365813.0,0.9975466666666667,0.392
365933.0,0.9966933333333333,0.37725
365947.0,0.99584,0.36975
367032.0,0.99584,0.368
367104.0,0.99584,0.36350000000000005
367780.0,0.99584,0.36350000000000005
367798.0,0.99584,0.36424999999999996
368147.0,0.9949866666666667,0.353
368202.0,0.9941333333333333,0.344
368551.0,0.9941333333333333,0.34950000000000003
368914.0,0.9974633333333334,0.36
371958.0,0.99994,0.35750000000000004
372330.0,0.9990866666666667,0.34575
372366.0,0.9763166666666667,0.46525000000000005
372601.0,0.9933833333333333,0.55025
372732.0,0.9993566666666667,0.548
373074.0,0.9985033333333333,0.53575
374168.0,0.9985033333333333,0.53625
374766.0,0.9985033333333333,0.656
375753.0,0.9985033333333333,0.7495
376051.0,0.9985033333333333,0.74125
376824.0,0.99765,0.7264999999999999
377103.0,0.99765,0.80875
378014.0,0.99765,0.8905
378751.0,0.99765,0.97225
379856.0,0.95157,0.98875
382864.0,0.89781,0.9905
383091.0,0.8918366666666666,0.99475
383608.0,0.84405,0.9935
384768.0,0.7416499999999999,0.9905
384781.0,0.7416499999999999,0.99075
384853.0,0.7476233333333333,1.0
385506.0,0.6998366666666667,0.99175
386964.0,0.6588766666666667,1.0
388319.0,0.6588766666666667,0.999
389350.0,0.65205,0.991
389411.0,0.65205,0.99525
389510.0,0.6452233333333333,0.99125
390389.0,0.6452233333333333,0.997
390574.0,0.63157,0.999
391409.0,0.6281566666666667,0.99525
392281.0,0.6076766666666666,0.99325
392403.0,0.6076766666666666,0.99425
392889.0,0.61365,0.9945
393382.0,0.6068233333333333,0.98825
393546.0,0.6068233333333333,0.98775
393840.0,0.6068233333333333,0.99
393934.0,0.61032,0.99275
394295.0,0.61032,0.99
394306.0,0.61032,0.9875
394706.0,0.61032,0.997
394766.0,0.6162933333333334,0.99575
395477.0,0.82792,0.998
396001.0,0.8757066666666666,0.9995
396767.0,0.86888,0.99025
397085.0,0.9166666666666666,0.99425
397979.0,0.9644533333333334,0.9865
397981.0,0.9576266666666666,0.97275
398032.0,0.9508,0.96
398111.0,0.9473866666666667,0.94525
398244.0,0.9951733333333334,0.95125
398346.0,0.9883466666666667,0.93725
398355.0,0.9874933333333333,0.925
398507.0,0.9806666666666667,0.915
398732.0,0.97384,0.9007499999999999
398884.0,0.9670133333333333,0.891
399256.0,0.9601866666666666,0.885
399320.0,0.95336,0.87275
399622.0,0.9465333333333333,0.862
399631.0,0.99432,0.859
400023.0,0.9874933333333333,0.8475
400122.0,0.9806666666666667,0.836
400631.0,0.9773366666666666,0.827
400770.0,0.97051,0.815
401305.0,0.96718,0.8025
401328.0,0.9603533333333334,0.7985
401590.0,0.9535266666666666,0.7885
401629.0,0.9467,0.7785
401863.0,0.9944866666666666,0.78025
401878.0,0.9910733333333334,0.7695
401889.0,0.9842466666666667,0.75725
401891.0,0.97742,0.749
401902.0,0.9740066666666667,0.7382500000000001
401947.0,0.9706766666666666,0.7264999999999999
402270.0,0.96385,0.7135
402572.0,0.9629966666666667,0.70175
402668.0,0.95617,0.68725
402801.0,0.9493433333333333,0.67425
402803.0,0.99713,0.67475
402892.0,0.9937166666666667,0.6639999999999999
402998.0,0.98689,0.651
403016.0,0.9800633333333333,0.63625
403029.0,0.9732366666666666,0.62525
403177.0,0.96641,0.612
403308.0,0.9595833333333333,0.5992500000000001
403443.0,0.9527566666666667,0.5880000000000001
403748.0,0.94593,0.5745
403763.0,0.9937166666666667,0.57525
403781.0,0.9903033333333333,0.56325
403867.0,0.9834766666666667,0.55175
404276.0,0.97665,0.53775
404314.0,0.97332,0.5235000000000001
404765.0,0.9724666666666667,0.50925
405038.0,0.96564,0.49475
405250.0,0.9588133333333333,0.48024999999999995
405297.0,0.9554,0.46725000000000005
405817.0,0.9485733333333334,0.46025000000000005
405935.0,0.99636,0.44875
405995.0,0.9895333333333334,0.43700000000000006
406631.0,0.9862033333333333,0.42474999999999996
406779.0,0.9828733333333334,0.41125
407089.0,0.9760466666666666,0.401
407155.0,0.96922,0.38925
407912.0,0.9658066666666667,0.37450000000000006
408019.0,0.9589799999999999,0.36024999999999996
408078.0,0.9521533333333333,0.35024999999999995
408357.0,0.99994,0.34850000000000003
409003.0,0.99661,0.33425000000000005
410157.0,0.9897833333333333,0.3255
410315.0,0.99661,0.34450000000000003
410654.0,0.99661,0.45425000000000004
410840.0,0.99661,0.45575
412214.0,0.99661,0.4605
414640.0,0.9931966666666666,0.4605
414889.0,0.9931966666666666,0.46375
415170.0,0.9931966666666666,0.46199999999999997
416108.0,0.99661,0.5475
416284.0,0.9897833333333333,0.5327500000000001
416366.0,0.9829566666666667,0.52125
416396.0,0.97613,0.51
416669.0,0.99661,0.51275
417211.0,0.9931966666666666,0.50225
417655.0,0.98637,0.65225
418468.0,0.9795433333333333,0.639
418530.0,0.9727166666666667,0.62475
418548.0,0.96589,0.6112500000000001
419088.0,0.9112766666666666,0.5974999999999999
421592.0,0.90445,0.58275
421945.0,0.9590633333333334,0.577
422552.0,0.98637,0.57525
423280.0,0.9931966666666666,0.5900000000000001
424012.0,0.9931966666666666,0.6054999999999999
424660.0,0.99917,0.8195
424701.0,0.9599166666666666,0.8405
425219.0,0.95309,0.831
425359.0,0.99917,0.94425
426284.0,0.9992533333333333,0.956
427001.0,0.9992533333333333,0.9635
427507.0,0.99584,0.95275
427781.0,0.9685333333333334,0.9915
427978.0,0.9617066666666667,0.98675
428336.0,0.96512,0.99325
429288.0,0.96512,0.9965
429915.0,0.9582933333333333,0.9915
430289.0,0.9582933333333333,0.99825
430793.0,0.9514666666666667,0.98875
431335.0,0.95488,0.993
432091.0,0.9531733333333333,0.9995
432618.0,0.93952,0.98975
433325.0,0.93952,0.9985
433788.0,0.9335466666666666,1.0
434010.0,0.9301333333333334,0.98925
434022.0,0.9275733333333334,0.9925
434100.0,0.8192,0.999
434412.0,0.8132266666666667,0.99775
434547.0,0.8081066666666666,0.9985
435055.0,0.8072533333333334,0.99175
435067.0,0.8584533333333333,0.9915
435070.0,0.8106666666666666,0.99225
435323.0,0.8174933333333333,0.99975
435440.0,0.8209066666666667,0.99675
435818.0,0.8209066666666667,0.992
436040.0,0.8209066666666667,0.9905
436422.0,0.8004266666666666,0.9885
436455.0,0.8004266666666666,0.99525
436767.0,0.8004266666666666,0.9945
436783.0,0.8004266666666666,0.995
437163.0,0.8004266666666666,0.994
437181.0,0.8064,0.992
437227.0,0.86016,0.992
437751.0,0.8123733333333334,0.99325
437756.0,0.8055466666666666,0.9875
438879.0,0.7918933333333333,0.99925
438929.0,0.79104,0.99125
438951.0,0.79104,0.98875
439201.0,0.8439466666666666,0.9885
439286.0,0.8917333333333334,0.989
439639.0,0.9992533333333333,0.9995
440423.0,0.9984,0.9905
440555.0,0.9975466666666667,0.9805
440709.0,0.99584,0.96575
440805.0,0.9890133333333333,0.9535
440948.0,0.98816,0.94775
441653.0,0.98816,0.94475
441774.0,0.9813333333333333,0.9299999999999999
441779.0,0.98048,0.91875
441895.0,0.9736533333333334,0.90575
442105.0,0.9728,0.8945
442231.0,0.9659733333333334,0.88025
442373.0,0.9659733333333334,0.8765000000000001
442543.0,0.9591466666666667,0.86775
442636.0,0.95232,0.8532500000000001
442967.0,0.9514666666666667,0.842
442980.0,0.9506133333333333,0.8305
443235.0,0.9984,0.83125
443384.0,0.9975466666666667,0.82575
443925.0,0.9966933333333333,0.81425
444040.0,0.9898666666666667,0.8045
444827.0,0.98304,0.79425
445140.0,0.9821866666666667,0.7815
445417.0,0.9813333333333333,0.7677499999999999
446068.0,0.98048,0.75425
446265.0,0.9736533333333334,0.743
446610.0,0.9668266666666667,0.732
446685.0,0.9659733333333334,0.72525
446949.0,0.96512,0.7172499999999999
446964.0,0.9634133333333333,0.7050000000000001
447064.0,0.9565866666666667,0.6932499999999999
447252.0,0.94976,0.679
447539.0,0.9975466666666667,0.68075
447628.0,0.99584,0.6685
447786.0,0.9890133333333333,0.65625
448145.0,0.9873066666666667,0.643
448170.0,0.98048,0.6305000000000001
448412.0,0.9787733333333334,0.617
448855.0,0.9719466666666666,0.6045
449101.0,0.9710933333333334,0.59325
449141.0,0.9642666666666667,0.57975
449300.0,0.95744,0.56575
449407.0,0.9557333333333333,0.55225
449426.0,0.9489066666666667,0.538
449982.0,0.9489066666666667,0.53625
450105.0,0.9992533333333333,0.57725
450519.0,0.9984,0.5665
450882.0,0.9992533333333333,0.57475
451295.0,0.98816,0.65825
451306.0,0.9813333333333333,0.652
451480.0,0.9949866666666667,0.679
451499.0,0.98816,0.66475
451527.0,0.9813333333333333,0.65
451651.0,0.9745066666666666,0.63725
451871.0,0.96768,0.62275
452012.0,0.9608533333333333,0.6092500000000001
452655.0,0.9540266666666667,0.59775
452785.0,0.9472,0.58525
452814.0,0.9949866666666667,0.58275
452948.0,0.9966933333333333,0.7375
453022.0,0.9966933333333333,0.7364999999999999
454069.0,0.9984,0.7655000000000001
454569.0,0.9975466666666667,0.7515000000000001
454818.0,0.9975466666666667,0.75325
455578.0,0.9975466666666667,0.75225
455743.0,0.9992533333333333,0.8555
456702.0,0.9984,0.8415
456958.0,0.9975466666666667,0.82675
457113.0,0.9975466666666667,0.82975
457527.0,0.9975466666666667,0.82475
457707.0,0.9975466666666667,0.82875
458152.0,0.9975466666666667,0.82225
458327.0,0.9975466666666667,0.82525
458600.0,0.9975466666666667,0.825
459176.0,0.99072,0.81275
459357.0,0.9838933333333333,0.8025
459819.0,0.9770666666666666,0.79175
460443.0,0.97024,0.778
460449.0,0.9668266666666667,0.76425
461440.0,0.9659733333333334,0.75875
461635.0,0.9591466666666667,0.74675
462165.0,0.95232,0.73325
462543.0,0.9514666666666667,0.726
463017.0,0.9506133333333333,0.72
463226.0,0.9984,0.727
463956.0,0.9975466666666667,0.71975
464150.0,0.99072,0.7125
464247.0,0.9838933333333333,0.698
464523.0,0.98304,0.69
464587.0,0.9762133333333334,0.6765
464990.0,0.9693866666666666,0.66225
465035.0,0.96256,0.64825
465853.0,0.9557333333333333,0.64
465980.0,0.9557333333333333,0.643
466467.0,0.9489066666666667,0.634
466490.0,0.9966933333333333,0.627
467237.0,0.99584,0.61825
468205.0,0.9949866666666667,0.60825
468251.0,0.9941333333333333,0.59625
468695.0,0.9941333333333333,0.59825
468798.0,0.9873066666666667,0.58975
468874.0,0.9864533333333333,0.5820000000000001
469386.0,0.9856,0.56925
470464.0,0.9847466666666667,0.55575
470930.0,0.9838933333333333,0.5455
471047.0,0.98304,0.5325
471367.0,0.9762133333333334,0.52525
471384.0,0.9762133333333334,0.5245
471411.0,0.9693866666666666,0.51425
472011.0,0.9685333333333334,0.50025
472110.0,0.96768,0.488
472978.0,0.9668266666666667,0.47750000000000004
473713.0,0.96,0.46399999999999997
474255.0,0.9531733333333333,0.45299999999999996
474433.0,0.9531733333333333,0.45425000000000004
474575.0,0.9531733333333333,0.45075
474591.0,0.95232,0.4365
474724.0,0.95232,0.44199999999999995
474917.0,0.9514666666666667,0.42874999999999996
475421.0,0.9506133333333333,0.41574999999999995
475557.0,0.9984,0.41674999999999995
475813.0,0.9975466666666667,0.40275000000000005
475893.0,0.9966933333333333,0.389
476065.0,0.9898666666666667,0.37749999999999995
476447.0,0.98304,0.365
476461.0,0.9762133333333334,0.35375
476678.0,0.9693866666666666,0.33999999999999997
476849.0,0.96256,0.32625000000000004
477074.0,0.9557333333333333,0.31225
477192.0,0.9984,0.58475
477361.0,0.9984,0.5862499999999999
477437.0,0.9984,0.58575
477601.0,0.9992533333333333,0.59175
477730.0,0.9984,0.6295
478312.0,0.9489066666666667,0.66275
478775.0,0.9352533333333334,0.64925
478795.0,0.88064,0.63575
479077.0,0.8738133333333333,0.62525
479605.0,0.8669866666666667,0.6125
480062.0,0.86016,0.5985
480810.0,0.8055466666666666,0.58875
481186.0,0.79872,0.57675
483564.0,0.7918933333333333,0.56325
483577.0,0.7850666666666667,0.54975
483600.0,0.9941333333333333,0.66325
485045.0,0.9762133333333334,0.737
485534.0,0.9966933333333333,0.766
485566.0,0.9966933333333333,0.8505
487032.0,0.9898666666666667,0.90875
487106.0,0.98816,0.9045
487926.0,0.98816,0.93925
488104.0,0.97536,0.9965
490286.0,0.97536,0.99575
491592.0,0.9813333333333333,0.99675
492010.0,0.9864533333333333,0.99375
492742.0,0.9915733333333333,0.99875
492778.0,0.9437866666666667,0.998
493351.0,0.94976,0.99675
493671.0,0.9480533333333333,0.99225
494582.0,0.7296,0.9855
494801.0,0.6818133333333334,0.987
495508.0,0.5794133333333333,0.98925
496006.0,0.5845333333333333,0.9885
497385.0,0.57856,0.995
497393.0,0.58368,0.99825
497754.0,0.6365866666666666,0.9945
497934.0,0.6365866666666666,0.99875
497988.0,0.6417066666666666,0.99925
498853.0,0.6417066666666666,0.996
498913.0,0.6468266666666667,0.99575
499031.0,0.6331733333333334,0.9885
499087.0,0.6382933333333334,0.99325
499238.0,0.6434133333333334,0.99375
499570.0,0.6434133333333334,0.99375
499612.0,0.6485333333333334,0.994
499714.0,0.6545066666666667,0.992
499783.0,0.6417066666666666,0.9965
500002.0,0.63488,0.98875
500013.0,0.63488,0.99625
500400.0,0.63488,0.99625
501003.0,0.64,0.991
501338.0,0.64512,0.9905
501363.0,0.6929066666666667,0.9935
501489.0,0.6801066666666666,0.99225
501649.0,0.6852266666666667,0.9935
501702.0,0.6971733333333333,0.99875
501807.0,0.6903466666666667,0.99075
501848.0,0.6954666666666667,0.989
501973.0,0.7005866666666667,0.9915
502147.0,0.7057066666666667,0.99125
502391.0,0.71168,0.98975
502561.0,0.7662933333333333,0.99575
502572.0,0.76544,0.9865
502617.0,0.7697066666666667,0.996
502810.0,0.7697066666666667,0.9915
502919.0,0.76288,0.9885
502920.0,0.768,0.98975
502984.0,0.768,0.99425
505223.0,0.768,0.9935
505547.0,0.7748266666666667,0.99425
505562.0,0.7799466666666667,0.99325
505597.0,0.7799466666666667,0.9965
506031.0,0.7799466666666667,0.99275
506433.0,0.7799466666666667,0.99625
506517.0,0.7799466666666667,0.997
506783.0,0.7739733333333334,0.99975
506881.0,0.7671466666666666,0.993
507132.0,0.77312,0.992
507468.0,0.7790933333333333,0.9935
507500.0,0.7790933333333333,0.991
507712.0,0.7313066666666667,0.9905
507830.0,0.7364266666666667,0.98975
507861.0,0.7364266666666667,0.9915
507932.0,0.7364266666666667,0.99125
508034.0,0.7236266666666666,0.993
508961.0,0.7236266666666666,0.99325
508976.0,0.7176533333333333,1.0
509039.0,0.7168,0.9995
509061.0,0.7150933333333334,0.98775
509170.0,0.70912,0.99225
509179.0,0.7056266666666666,0.9965
509409.0,0.7534133333333333,0.98975
509630.0,0.8489866666666667,0.99975
509970.0,0.8967733333333333,0.989
510074.0,0.9923466666666667,0.9975
510184.0,0.98552,0.98425
510417.0,0.9786933333333333,0.9705
510795.0,0.9718666666666667,0.9565
510926.0,0.96504,0.94275
511525.0,0.9633333333333334,0.93025
511676.0,0.9633333333333334,0.9275
511727.0,0.9565066666666666,0.91725
511771.0,0.94968,0.9077500000000001
512433.0,0.9479733333333333,0.89325
512443.0,0.99576,0.8905
513777.0,0.9940533333333333,0.8765000000000001
514368.0,0.9923466666666667,0.862
514690.0,0.9923466666666667,0.86025
515213.0,0.98552,0.8525
515258.0,0.9786933333333333,0.84575
515930.0,0.9718666666666667,0.8322499999999999
516169.0,0.9718666666666667,0.83175
516219.0,0.96504,0.82525
516306.0,0.9582133333333334,0.8115
516676.0,0.9513866666666667,0.80725
517143.0,0.9505333333333333,0.8
517177.0,0.94712,0.78725
517531.0,0.9462666666666667,0.779
518000.0,0.9940533333333333,0.773
518876.0,0.9872266666666667,0.76425
519559.0,0.9966133333333334,0.78425
519623.0,0.9932,0.78125
520361.0,0.9991733333333334,0.7827500000000001
520626.0,0.9991733333333334,0.9015
521629.0,0.9991733333333334,0.93475
521663.0,0.9991733333333334,0.968
521910.0,0.9488266666666667,0.995
521917.0,0.9428533333333333,0.99725
522034.0,0.93688,0.99875
522410.0,0.93688,0.99925
522755.0,0.9309066666666667,0.98875
523068.0,0.9249333333333334,0.98975
523517.0,0.8711733333333334,0.98825
523595.0,0.8660533333333333,0.9995
523732.0,0.86008,0.9985
524256.0,0.8532533333333333,0.98925
525027.0,0.8464266666666667,0.977
525399.0,0.8396,0.9672499999999999
525719.0,0.8327733333333334,0.9545
525724.0,0.8259466666666666,0.944
525770.0,0.81912,0.9299999999999999
525776.0,0.8122933333333333,0.92075
525886.0,0.8054666666666667,0.90825
526172.0,0.80376,0.905
526257.0,0.7969333333333333,0.89225
526336.0,0.7901066666666667,0.87875
526657.0,0.78328,0.86525
526697.0,0.7764533333333333,0.85175
527656.0,0.7756000000000001,0.84075
527983.0,0.7747466666666667,0.8375
528655.0,0.7679199999999999,0.823
528748.0,0.7610933333333334,0.80875
528849.0,0.7542666666666666,0.794
528916.0,0.74744,0.77925
528938.0,0.7406133333333333,0.76475
529821.0,0.73976,0.751
529997.0,0.7389066666666666,0.7364999999999999
530078.0,0.7380533333333333,0.723
530197.0,0.7312266666666667,0.70975
530311.0,0.6766133333333333,0.7015
530447.0,0.67576,0.6875
530969.0,0.6740533333333334,0.68125
531063.0,0.6732,0.6675
531168.0,0.6663733333333333,0.657
531321.0,0.66552,0.6495
531477.0,0.6586933333333334,0.6355
531918.0,0.6518666666666666,0.6212500000000001
532239.0,0.6450400000000001,0.60675
532448.0,0.5904266666666667,0.6012500000000001
532470.0,0.5836,0.5865
532538.0,0.5767733333333334,0.575
532559.0,0.5699466666666666,0.5607500000000001
532759.0,0.5631200000000001,0.54925
532767.0,0.5085066666666667,0.53825
533029.0,0.50168,0.5237499999999999
533213.0,0.49485333333333337,0.5097499999999999
533319.0,0.494,0.496
534167.0,0.4393866666666667,0.48450000000000004
534264.0,0.3847733333333333,0.47250000000000003
534421.0,0.38306666666666667,0.46599999999999997
534607.0,0.38136000000000003,0.4595
534875.0,0.32674666666666663,0.44675
535196.0,0.27213333333333334,0.43899999999999995
535755.0,0.2704266666666667,0.43025
535907.0,0.2158133333333333,0.42125
536039.0,0.21410666666666667,0.4105
536637.0,0.15949333333333338,0.39849999999999997
537257.0,0.15864,0.38849999999999996
537495.0,0.15522666666666662,0.37675000000000003
537576.0,0.14839999999999998,0.362
538584.0,0.09378666666666668,0.35024999999999995
538993.0,0.09293333333333331,0.33825000000000005
539095.0,0.09208000000000005,0.32625000000000004
539638.0,0.0903733333333333,0.31499999999999995
539921.0,0.08952000000000004,0.30225
540088.0,0.0878133333333333,0.28974999999999995
540190.0,0.08696000000000004,0.279
540372.0,0.08354666666666666,0.26675000000000004
540811.0,0.07672000000000001,0.25325
541856.0,0.06306666666666672,0.23924999999999996
542051.0,0.06135999999999997,0.22624999999999995
542247.0,0.06050666666666671,0.21475
542265.0,0.03320000000000001,0.2005
542429.0,0.03149333333333337,0.18625000000000003
542443.0,0.029786666666666628,0.1745
542996.0,0.028933333333333366,0.16400000000000003
543281.0,0.028079999999999994,0.14949999999999997
543692.0,0.02722666666666662,0.13649999999999995
543936.0,0.02637333333333336,0.12324999999999997
544319.0,0.025519999999999987,0.11075000000000002
544585.0,0.024666666666666615,0.09699999999999998
545047.0,0.02295999999999998,0.08350000000000002
545271.0,0.021253333333333346,0.06974999999999998
545353.0,0.019546666666666712,0.055499999999999994
545513.0,0.017839999999999967,0.041000000000000036
548189.0,0.016986666666666705,0.026249999999999996
561059.0,0.013653333333333295,0.013000000000000012
582322.0,0.0,0.0
